"Full Name","First Name","Last Name","Job Title","Location","Company Name","Company Domain","LinkedIn Profile","Why Now","Match Confidence","Quell Url","Signal Type","Signal Datum","Mobile Phone","Work Email","Email_1","Email_2","Email_3"
"Aseem Tiwari","Aseem","Tiwari","Bid Manager","Brunswick, Lower Saxony, Germany","Siemens AG","siemens.com","https://www.linkedin.com/in/aseem-tiwari-b62a1622/","Ihr Rahmenvertrag „Gesamtschule Hiesfeld Bt. E - Gebäude- und Anlagenautomation“ mit Stadt Dinslaken für ProZent GmbH endet am 07.05.2027 — die Neuausschreibung startet erfahrungsgemäß rund sechs Monate vorher.",0.85,"https://oeffentlichevergabe.de/api/notices/0811ff10-bf52-4aad-a7c2-ff7b76325518?format=pdf","rahmenvertrag_laeuft_aus","2026-09-23","","aseem.tiwari@siemens.com","Sehr geehrter Herr Tiwari,

Ihre Erfahrung als Bid Manager bei Siemens, speziell die clause-by-clause-Analyse und QCD‑Commitments, zeigt: Sie legen Wert auf Nachvollziehbarkeit und Prozesssicherheit. Interessant vor dem Hintergrund, dass der Rahmenvertrag „Gesamtschule Hiesfeld Bt. E - Gebäude- und Anlagenautomation“ am 07.05.2027 endet — Neuausschreibungen starten meist etwa sechs Monate vorher.

Genau hier entstehen typische Risiken für Sie: verstreute Fristen auf Landesportalen, EVB‑IT‑Fallen und immer wieder neu zusammenzustellende Eignungsnachweise (BSI, ISO 27001). Das bindet erfahrene Bid‑Kapazität und erhöht Fehlerquoten bei Querlesen.

Patterno bündelt über 4.500 Quellen, liest Vergabeunterlagen in Sekunden und liefert Go/No‑Go‑Entscheide samt verlinkten Fundstellen — damit Ihre Teams weniger Zeit mit Sichten und mehr mit Preisstrategie und Risikodeckung verbringen. Für IT‑Vergaben, die häufig in Mehrlos‑ und Rahmenverträgen laufen, reduziert das Personentage und schützt Kalkulationen vor formalen Ausschlüssen.

Lassen Sie uns zu einem 15‑minütigen digitalen Kaffeetrinken treffen? Ich zeige Ihnen, wie andere Bid‑Teams ähnliche Prozesse gestrafft haben.

Beste Grüße","Sehr geehrter Herr Tiwari,

Ihre Arbeit als Bid Manager bei Siemens, besonders die clause-by-clause Bid‑Analyse und Win‑Loss‑Aufbereitung, fällt sofort auf – ebenso wie die jüngsten Siemens‑Ankündigungen zur KI‑Partnerschaft mit Salesforce und der Ausbauoffensive in den USA. Beides zeigt: Prozesse und Nachweisführung werden bei Ihnen zur strategischen Hebelgröße.

Typische Herausforderungen in Ihrem Arbeitsumfeld sind klar: verstreute Fristen und K.-o.-Kriterien über viele Portale sowie das Risiko, formale EVB‑IT/ISO‑Anforderungen beim Querlesen zu übersehen. Das bindet Bid‑Kapazität und verwässert die Qualitätskontrolle.

Patterno bündelt über 4.500 Vergabequellen, liest komplette Vergabeunterlagen in Sekunden und markiert präzise Eignungsanforderungen mit Fundstelle – Go/No‑Go in zwei Minuten statt Stunden. Für Teams, die mehr Verfahren ohne zusätzliches Personal bearbeiten müssen, reduziert das personentage und minimiert Ausschlussrisiken.

Hätten Sie 15 Minuten für ein digitales Kaffeetrinken, in dem ich Ihnen zeige, wie Patterno bei einem Ihrer letzten Lose formale Fallen aufdeckt?

Beste Grüße","Sehr geehrter Herr Tiwari,

Haben Sie meine letzte Email erhalten? Ihre Leitung von Clause-by-clause‑Analysen und QCD‑Commitments bei Siemens ist beeindruckend — gerade jetzt, wo Siemens KI‑Partnerschaften mit Salesforce vertieft und große Mobilitätsaufträge (z. B. Vectron X) abwickelt, steigt die Zahl komplexer Rahmenverträge und Mehrlosvergaben. Ihr Rahmenvertrag „Gesamtschule Hiesfeld…“ läuft am 07.05.2027 aus; die Neuausschreibung beginnt typischerweise rund sechs Monate vorher — Zeit, in der Effizienz den Unterschied macht.

Operative Fallen, die Sie kennen: EVB‑IT‑Klauseln, BSI/ISO‑Eignungsnachweise oder versteckte Nachunternehmerverbote, verstreute Fristen über Landesportale — all das erhöht das Ausschlussrisiko und bindet Personentage.

Patterno bündelt über 4.500 Quellen, liest Vergabeunterlagen in Sekunden und prüft automatisiert gegen Ihre Eignungskriterien — Go/No‑Go in zwei Minuten, jeder Befund verlinkt auf die Fundstelle. Für einen Bid Manager reduziert das Sichtungsaufwand, erhöht Trefferqualität und schützt Kalkulationen vor formalen Fallen.

Lassen Sie uns zu einem 15‑minütigen digitalen Kaffeetrinken treffen? Ich zeige Ihnen, wie andere Bid‑Teams Trefferquote und Kapazität gesteigert haben.

Beste Grüße"
"Alexander Voigt","Alexander","Voigt","Bid Manager","Germany, Germany","Siemens AG","siemens.com","https://www.linkedin.com/in/alexander-voigt-a497321b6/","Ihr Rahmenvertrag „Gesamtschule Hiesfeld Bt. E - Gebäude- und Anlagenautomation“ mit Stadt Dinslaken für ProZent GmbH endet am 07.05.2027 — die Neuausschreibung startet erfahrungsgemäß rund sechs Monate vorher.",0.85,"https://oeffentlichevergabe.de/api/notices/0811ff10-bf52-4aad-a7c2-ff7b76325518?format=pdf","rahmenvertrag_laeuft_aus","2026-09-23","+491712041462","voigt.alexander@siemens.com","Sehr geehrter Herr Voigt,

Ihre Ausbildung an Berkeley Haas und die nachweisbaren Effizienzgewinne bei Siemens und Volkswagen zeigen, dass Sie Prozesse mit Daten gestalten und Ergebnisse liefern. Angesichts der angekündigten Investitionen bei Siemens und der Tatsache, dass der Rahmenvertrag Gesamtschule Hiesfeld Bt E mit Stadt Dinslaken am 07.05.2027 endet und die Neuausschreibung typischerweise sechs Monate vorher startet, ist jetzt Planungszeit.

Bid Teams stehen unter Druck: verstreute Fristen, wiederkehrende Nachweispakete und formale Fallen wie EVB IT oder ISO 27001 entwerten Kalkulationen schnell. Bei wachsender Verfahrenszahl wird Kapazität zum limitierenden Faktor, nicht Budget.

Patterno bündelt mehr als viertausend Quellen, liest Vergabeunterlagen in Sekunden und markiert K o Kriterien samt Fundstelle. Das reduziert Sondierungsaufwand und erhöht die Trefferqualität, so dass Ihr Team mehr Zeit für Preisstrategie und Risikokontrolle gewinnt.

Lassen Sie uns zu einem 15 minütigen digitalen Kaffeetrinken treffen? Ich zeige Ihnen, wie andere Bid Manager ihre Trefferquote und Vorlaufzeit verbessert haben.

Beste Grüße","Sehr geehrter Herr Voigt,

herzlichen Glückwunsch zu Ihrer Rolle als Bid Manager bei Siemens. Die Ankündigung der mehr als 200 Millionen US Dollar Investition in die US Produktion und die Klarstellung zum Zeitplan des Spin off von Siemens Healthineers zeigen deutlich, dass Siemens gerade globale Kapazitäten und Vertragsstrukturen neu justiert. Solche strategischen Schritte verändern auch die Ausschreibungslandschaft erheblich.

Als Bid Manager kennen Sie die Praxis: verstreute Fristen auf unterschiedlichen Portalen und formale Fallen wie EVB IT Klauseln oder fehlende ISO Nachweise können hochwertige Angebote disqualifizieren. Das bindet Kapazität und erhöht das Risiko, dass passende Lose übersehen werden.

Patterno bündelt über 4.500 Vergabequellen und liest komplette Vergabeunterlagen in Sekunden, erkennt K O Kriterien und liefert Go oder No Go Analysen gegen Ihr Profil. Für Teams mit hoher Verfahrensfrequenz reduziert das Personentage und sichert die Konsistenz von Nachweispaketen.

Lassen Sie uns zu einem 15 minütigen digitalen Kaffeetrinken treffen? Ich zeige Ihnen, wie andere Bid Teams ihre Trefferquote steigern.

Beste Grüße","Sehr geehrter Herr Voigt,

Haben Sie meine letzte Email erhalten? Ihre Berkeley Haas Ausbildung und die nachweisbaren Effizienzgewinne bei Siemens und Volkswagen zeigen klar, dass Sie Prozesse datengetrieben gestalten und messbare Ergebnisse liefern. Angesichts der angekündigten Investitionen bei Siemens und weil Rahmenverträge wie Gesamtschule Hiesfeld Bt E typischerweise sechs Monate vor Ablauf neu ausgeschrieben werden, ist jetzt Planungszeit.

Bid Teams stehen unter Druck: verstreute Fristen, wiederkehrende Nachweispakete und formale Fallen wie EVB IT oder ISO 27001 entwerten Kalkulationen schnell. Bei wachsender Verfahrenszahl wird Kapazität zum limitierenden Faktor, nicht Budget.

Patterno bündelt über 4.500 Quellen, liest Vergabeunterlagen in Sekunden und markiert K.O. Kriterien samt Fundstelle. So reduziert sich Sondierungsaufwand und die Trefferqualität steigt, sodass Ihr Team mehr Zeit für Preisstrategie und Risikokontrolle gewinnt.

Lassen Sie uns zu einem 15 minütigen digitalen Kaffeetrinken treffen? Ich zeige Ihnen, wie andere Bid Manager ihre Trefferquote und Vorlaufzeit verbessert haben.

Beste Grüße"
"Kanupriya Anand Hener","Kanupriya","Hener","Bid Manager","Oberhausen-Rheinhausen, Baden-Württemberg, Germany","Bechtle GmbH & Co. KG","bechtle.com","https://www.linkedin.com/in/kanupriya-anand-hener-21863824/","Sie haben am 15.09.2026 den Zuschlag für „Beitritt zum Konzernrahmenvertrag des Bundesministerium des Inneren und Microsoft zur Lieferung von Lizenzen f“ (Landratsamt Heilbronn) erhalten — im selben CPV-Segment laufen aktuell weitere Verfahren.",1,"https://oeffentlichevergabe.de/api/notices/15a0f95c-c850-4989-a0d5-02229c5b12c4?format=pdf","zuschlag_gewonnen","2026-09-15","","kanupriya.hener@bechtle.com","Sehr geehrte Frau Hener,

Glückwunsch zum Zuschlag am 15.09.2026 für den Beitritt zum Konzernrahmenvertrag des Bundesministeriums des Innern und Microsoft zur Lieferung von Lizenzen für das Landratsamt Heilbronn. Im selben CPV Segment laufen aktuell weitere Verfahren, was die Belastung Ihres Bid Teams kurzfristig erhöhen dürfte.

Aus Ihrer Rolle als Bid Manager und Ihrem datenorientierten Hintergrund kenne ich die typischen Stolperfallen: verstreute Fristen auf Landesportalen, wiederkehrende Nachweispakete und K. o. Kriterien wie BSI Grundschutz oder ISO 27001, die beim Querlesen unbemerkt ein Angebot disqualifizieren. Das bindet Personentage und erhöht Ausfallrisiken bei Urlaub oder Fluktuation.

Patterno bündelt über 4.500 Quellen, liest Vergabeunterlagen in Sekunden und liefert Go oder No Go samt Fundstelle für jeden Befund. Das reduziert Sichtungsaufwand und erhöht Ihre Kapazität ohne neues Personal. Bringen Sie Ihre letzte Ausschreibung mit und sehen Sie in 30 Minuten, was Patterno findet.

Lassen Sie uns zu einem 15 minütigen digitalen Kaffeetrinken treffen? Ich zeige Ihnen, wie andere IT Systemhäuser davon profitieren.

Beste Grüße","Sehr geehrte Frau Hener,

ich habe gesehen, dass Bechtle zuletzt die Markenpräsenz in Frankreich vereinheitlicht und strategische Veränderungen bei Tochtergesellschaften kommuniziert hat. Solche organisatorischen Schritte deuten auf einen stärkeren Fokus auf Markttransparenz und konsistente Angebotsprozesse hin.

Als Bid Manager kennen Sie sicher die Herausforderung, relevante IT‑Vergaben über zahlreiche Portale zuverlässig zu identifizieren und formale Eignungskriterien lückenfrei zu prüfen. Besonders bei Rahmenverträgen und Mehrlosverfahren entscheidet die Losstruktur oft erst im Dokument über Go oder No Go.

Patterno bündelt mehr als 4.500 Vergabequellen, liest Vergabeunterlagen in Sekunden und markiert K.O. Kriterien mit Fundstellenverweis, sodass Sie in zwei Minuten eine belastbare Go No Go Einschätzung erhalten. Für Bechtle bedeutet das: weniger Personentage in Portalsichtung, höhere Trefferqualität und reproduzierbare Nachweispakete.

Hätten Sie 15 Minuten für ein digitales Kaffeetrinken? Ich zeige Ihnen konkret, wie Patterno Ihre aktuelle Ausschreibung in 30 Minuten analysiert.

Beste Grüße","Sehr geehrte Frau Hener,

Haben Sie meine letzte Email erhalten? Glückwunsch zum Zuschlag am 15.09.2026 für den Beitritt zum Konzernrahmenvertrag des Bundesministeriums des Innern und Microsoft zur Lieferung von Lizenzen für das Landratsamt Heilbronn. Im selben CPV-Segment laufen weitere Verfahren, was die kurzfristige Belastung Ihres Bid-Teams erhöhen dürfte.

Aus Ihrer Rolle als Bid Manager und Ihrem datenorientierten Hintergrund kenne ich die typischen Stolperfallen: verstreute Fristen auf Landesportalen, wiederkehrende Nachweispakete und K.-o.-Kriterien wie BSI Grundschutz oder ISO 27001, die beim Querlesen unbemerkt disqualifizieren. Patterno bündelt über 4.500 Quellen, liest Vergabeunterlagen in Sekunden und liefert Go oder No Go samt Fundstelle für jeden Befund. Das spart Personentage und verringert Ausfallrisiken durch Urlaub oder Fluktuation.

Für Bechtle ist das relevant: Der Markt ist fragmentiert, Bid-Kapazität der Flaschenhals und EVB-IT formale Fallen kosten Zeit. Patterno erhöht Marktdeckung, beschleunigt Entscheidungen und schafft zusätzliche Kapazität ohne neues Personal.

Lassen Sie uns zu einem 15-minütigen digitalen Kaffeetrinken treffen? Ich zeige Ihnen, wie andere IT-Systemhäuser davon profitieren.

Beste Grüße"
"Victoria Roeger","Victoria","Roeger","Tender Manager","Stuttgart Region","Bechtle GmbH & Co. KG","bechtle.com","https://www.linkedin.com/in/victoria-roeger-7b9b96182/","Sie haben am 15.09.2026 den Zuschlag für „Beitritt zum Konzernrahmenvertrag des Bundesministerium des Inneren und Microsoft zur Lieferung von Lizenzen f“ (Landratsamt Heilbronn) erhalten — im selben CPV-Segment laufen aktuell weitere Verfahren.",1,"https://oeffentlichevergabe.de/api/notices/15a0f95c-c850-4989-a0d5-02229c5b12c4?format=pdf","zuschlag_gewonnen","2026-09-15","+491708714316","victoria.roeger@bechtle.com","Sehr geehrte Frau Roeger,

Glückwunsch zum Zuschlag am 15.09.2026 für den Beitritt zum Konzernrahmenvertrag des Bundesministeriums des Inneren mit Microsoft zur Lieferung von Lizenzen. Im gleichen CPV Segment beobachten wir mehrere parallele Verfahren, die für Bechtle strategisch relevant sein dürften.

Als Tender Manager kennen Sie die operativen Fallen: verstreute Fristen, wechselnde Eignungsnachweise und Mehrlosvergaben, die erst im Dokument ihre Passung offenbaren. Das kostet Personentage und bindet erfahrene Kolleginnen und Kollegen, deren Wissen leicht zum Single Point of Failure werden kann.

Patterno bündelt über 4.500 Vergabeportale in einer täglichen Trefferliste und liest komplette Vergabeunterlagen in Sekunden mit Verlinkung jeder Fundstelle. Für IT Anbieter bedeutet das frühere Marktdeckung, schnelle Go No Go Entscheidungen und belastbare Nachweislisten zu BSI ISO und EVB IT Kriterien. So reduzieren Sie Screening Aufwand und schaffen Kapazität für Kalkulation und Angebotsqualität.

Lassen Sie uns zu einem 15minütigen digitalen Kaffeetrinken treffen? Ich zeige Ihnen, wie andere IT Systemhäuser ihre Bid Kapazität skaliert haben.

Beste Grüße","Sehr geehrte Frau Roeger,

ich habe gelesen, dass Bechtle die Einführung der EUDI Wallet unterstützt und den Capital Markets Day mit Schwerpunkt KI und Internationalisierung adressiert. Ihre langjährige Tätigkeit als Tender Manager bei Bechtle und die Fokussierung auf formale Anforderungen machen Sie zu einer Expertin für die Herausforderungen in IT‑Vergaben.

Aus der Praxis wissen Tender Manager, dass Zertifizierungsanforderungen, Losstrukturen und verstreute Fristen leicht übersehen werden und damit ganze Angebote disqualifiziert werden. Bei IT‑Rahmenvereinbarungen sind EVB IT Klauseln, BSI und ISO Nachweise wiederkehrende Stolperfallen.

Patterno bündelt über 4.500 Vergabeportale, liest Vergabeunterlagen in Sekunden und markiert K.O. Kriterien sowie Eignungsanforderungen mit exakter Fundstelle. Für ein IT‑Systemhaus wie Bechtle bedeutet das weniger Screeningaufwand, verlässlichere Go‑NoGo Entscheidungen und mehr Kapazität für Kalkulation und Angebotsqualität.

Lassen Sie uns zu einem 15‑minütigen digitalen Kaffeetrinken treffen? Ich zeige Ihnen, wie andere IT‑Dienstleister ihre Bid‑Kapazität skaliert haben.

Beste Grüße","Sehr geehrte Frau Roeger,

Haben Sie meine letzte Nachricht gesehen? Glückwunsch zum Zuschlag am 15.09.2026 für den Beitritt zum Konzernrahmenvertrag des Bundesministeriums des Inneren mit Microsoft zur Lieferung von Lizenzen. Im gleichen CPV Segment laufen mehrere parallele Verfahren, die für Bechtle strategisch relevant sein dürften.

Als Tender Manager kennen Sie operative Fallen wie verstreute Fristen, wechselnde Eignungsnachweise und Mehrlosvergaben, die erst im Dokument ihre Passung offenbaren. Das bindet Personentage und erzeugt Single Point of Failure durch Wissen an Einzelpersonen.

Patterno bündelt über 4.500 Vergabeportale in einer täglichen Trefferliste und liest komplette Vergabeunterlagen in Sekunden mit Verlinkung jeder Fundstelle. Für IT Anbieter bedeutet das frühere Marktdeckung, schnelle Go No Go Entscheidungen und belastbare Nachweislisten zu BSI ISO und EVB IT Kriterien. So reduzieren Sie Screening Aufwand und schaffen Kapazität für Kalkulation und Angebotsqualität.

Lassen Sie uns zu einem 15minütigen digitalen Kaffeetrinken treffen? Ich zeige Ihnen, wie andere IT Systemhäuser ihre Bid Kapazität skaliert haben.

Beste Grüße"
"Christian Schönborn","Christian","Schönborn","Senior Bid Manager","Bad Soden am Taunus, Hesse, Germany","T-Systems International GmbH","t-systems.com","https://www.linkedin.com/in/christian-schönborn-0a009958/","Sie haben am 24.09.2026 den Zuschlag für „Deutschland – IT-Dienste: Beratung, Software-Entwicklung, Internet und Hilfestellung – Rahmenvereinbarung über“ (Bayerisches Staatsministerium für Digitales) erhalten — im selben CPV-Segment laufen aktuell weitere Verfahren.",0.72,"https://ted.europa.eu/en/notice/-/detail/657486-2026","zuschlag_gewonnen","2026-09-24","+491738428420","christian.schoenborn@t-systems.com","Sehr geehrter Herr Schönborn,

herzlichen Glückwunsch zum Zuschlag für die Rahmenvereinbarung des Bayerischen Staatsministeriums für Digitales am 24.09.2026. Dass T Systems dort den Auftrag erhalten hat und gleichzeitig weitere Verfahren im selben CPV Segment laufen, zeigt das Momentum in Ihrem Bereich und erzeugt unmittelbar höheren Prüfungsaufwand für Ihr Bid Team.

Aus Ihrer Rolle als Senior Bid Manager kennen Sie die typischen Fallen: EVB IT Klauseln, BSI Nachweise und verstreute Fristen über Landesportale und Kommunalplattformen führen zu Zeitverlust und teuren Fehlentscheidungen. Gerade bei Mehrlosverfahren entscheidet die genaue Losstruktur über Go oder No Go und diese Information steht selten im Titel.

Patterno bündelt über 4500 Quellen und liest Vergabeunterlagen in Sekunden, erkennt K O Kriterien, Eignungsanforderungen und verlinkt jede Fundstelle. Das reduziert Personentage, schützt Kalkulationen und macht Go No Go Entscheidungen reproduzierbar, ohne zusätzliche Köpfe einstellen zu müssen.

Lassen Sie uns zu einem 15 Minuten digitalen Kaffeetrinken treffen? Ich zeige Ihnen, wie andere IT Systemhäuser ihre Trefferquote gesteigert haben.

Beste Grüße","Sehr geehrter Herr Schönborn,

Glückwunsch zu den jüngsten Partnerschaften und dem T Cloud‑Vertrag mit Volkswagen. Die Kooperationen mit SupplyOn und Palo Alto unterstreichen, dass T‑Systems souveräne AI‑ und Sicherheitsangebote als strategische Wachstumsfelder vorantreibt.

Als Senior Bid Manager kennen Sie die Painpoints: Die Quellenlage ist fragmentiert und Bid‑Kapazität begrenzt, sodass passende Verfahren oft zu spät oder gar nicht erkannt werden. Formale Fallen wie EVB‑IT‑Anforderungen oder fehlende Eignungsnachweise können eine komplette Kalkulation entwerten.

Patterno bündelt über 4.500 Vergabeportale in einer täglichen, KI‑geprüften Trefferliste und liest Vergabeunterlagen von 100 Seiten in rund 30 Sekunden inklusive Fristen, Losstruktur und K.O.‑Kriterien. Für Ihr Team bedeutet das: Go‑/No‑Go‑Entscheidungen in Minuten statt Stunden und mehr Kapazität für Kalkulation und Angebotsqualität.

Lassen Sie uns zu einem 15‑minütigen digitalen Kaffeetrinken treffen? Ich zeige Ihnen, wie andere IT‑Systemhäuser ihre Trefferquote und Durchlaufzeit verbessert haben.

Beste Grüße","Sehr geehrter Herr Schönborn,

Haben Sie meine letzte Email erhalten? Herzlichen Glückwunsch zum Zuschlag für die Rahmenvereinbarung des Bayerischen Staatsministeriums für Digitales am 24.09.2026. Dass T Systems dort den Auftrag erhalten hat und gleichzeitig weitere Verfahren im selben CPV Segment laufen, zeigt das Momentum in Ihrem Bereich und erzeugt unmittelbar höheren Prüfungsaufwand für Ihr Bid Team.

Aus Ihrer Rolle als Senior Bid Manager kennen Sie die typischen Fallen: EVB IT Klauseln, BSI Nachweise und verstreute Fristen über Landesportale und Kommunalplattformen führen zu Zeitverlust und teuren Fehlentscheidungen. Gerade bei Mehrlosverfahren entscheidet die genaue Losstruktur über Go oder No Go und diese Information steht selten im Titel.

Patterno bündelt über 4500 Quellen und liest Vergabeunterlagen in Sekunden, erkennt K O Kriterien, Eignungsanforderungen und verlinkt jede Fundstelle. Das reduziert Personentage, schützt Kalkulationen und macht Go No Go Entscheidungen reproduzierbar, ohne zusätzliche Köpfe einstellen zu müssen.

Lassen Sie uns zu einem 15 Minuten digitalen Kaffeetrinken treffen? Ich zeige Ihnen, wie andere IT Systemhäuser ihre Trefferquote gesteigert haben.

Beste Grüße"
"Katharina Zickler","Katharina","Zickler","Angebotsmanager","Frankfurt/Rhein-Main","T-Systems International GmbH","t-systems.com","https://www.linkedin.com/in/katharina-zickler-578482b1/","Sie haben am 24.09.2026 den Zuschlag für „Deutschland – IT-Dienste: Beratung, Software-Entwicklung, Internet und Hilfestellung – Rahmenvereinbarung über“ (Bayerisches Staatsministerium für Digitales) erhalten — im selben CPV-Segment laufen aktuell weitere Verfahren.",0.72,"https://ted.europa.eu/en/notice/-/detail/657486-2026","zuschlag_gewonnen","2026-09-24","+4915169922680","katharina.zickler@t-systems.com","Sehr geehrte Frau Zickler,

herzlichen Glückwunsch zum Zuschlag am 24.09.2026 für die Rahmenvereinbarung des Bayerischen Staatsministeriums für Digitales. Ein solcher Erfolg im CPV Segment IT Dienste zeigt, dass T Systems sich in der öffentlichen Beschaffung sehr gut positioniert hat und gleichzeitig weiter viele gleichartige Verfahren zu bearbeiten hat.

Aus Ihrer Erfahrung als Angebotsmanagerin wissen Sie genau, wie schnell formale Fallen wie EVB IT Anhänge oder fehlende Eignungsnachweise eine Kalkulation entwerten. Verteilter Fristenverkehr über Landesportale und die fehlende Kapazität qualifizierter Bid Manager kosten bei T Systems leicht mehrere Personentage pro Verfahren.

Patterno bündelt über 4 500 Vergabeportale und liest Vergabeunterlagen volltextbasiert in Sekunden. Die KI markiert K O Kriterien Eignungsanforderungen und Losstruktur mit Fundstellen, so dass Sie Go oder No Go in wenigen Minuten entscheiden können. Das erhöht Trefferquote und spart Angebotskapazität ohne zusätzliche Köpfe.

Lassen Sie uns zu einem 15 minütigen digitalen Kaffeetrinken treffen Ich zeige Ihnen, wie andere IT Systemhäuser ihre Bid Kapazität erhöht haben

Beste Grüße","Sehr geehrte Frau Zickler,

herzlichen Glückwunsch zur neuen Rolle als Angebotsmanagerin bei T-Systems International. Ihr Hintergrund als CF APMP Bid Manager und die nachgewiesene Erfahrung in der Analyse umfangreicher Vergabeunterlagen deuten darauf hin, dass Sie Prozesse und Compliance konsequent priorisieren.

Vermutlich kennen Sie die wiederkehrenden Probleme: verstreute Fristen über zahlreiche Portale und die Gefahr, formale Ausschlusskriterien im Anhang zu übersehen. Außerdem binden sich bei Mehrlosverfahren oft fachfremde Lose, deren Passung sich erst nach intensivem Dokumentenstudium klärt.

Patterno bündelt über 4.500 Vergabequellen, liest komplette Vergabeunterlagen in Sekunden und verlinkt jede Feststellung zur Fundstelle im Originaldokument. Für ein IT-Systemhaus wie T-Systems reduziert das die Zeit für Go‑/No‑Go‑Entscheidungen drastisch und entlastet knappe Bid‑Kapazitäten, ohne zusätzliche Köpfe einstellen zu müssen.

Lassen Sie uns zu einem 15-minütigen digitalen Kaffeetrinken treffen? Ich zeige Ihnen, wie andere Angebotsmanager mit Patterno tägliche Trefferlisten und automatisierte Dokumentenanalysen nutzen.

Beste Grüße","Sehr geehrte Frau Zickler,

Haben Sie meine letzte Email erhalten? Herzlichen Glückwunsch zum Zuschlag am 24.09.2026 für die Rahmenvereinbarung des Bayerischen Staatsministeriums für Digitales. Ein solcher Erfolg im CPV‑Segment IT‑Dienste zeigt, dass T‑Systems sich in der öffentlichen Beschaffung sehr gut positioniert hat und gleichzeitig viele gleichartige Verfahren zu bearbeiten hat.

Aus Ihrer Erfahrung als Angebotsmanagerin wissen Sie, wie schnell formale Fallen wie EVB‑IT‑Anhänge oder fehlende Eignungsnachweise eine Kalkulation entwerten. Verteilter Fristenverkehr über Landesportale und die fehlende Kapazität qualifizierter Bid Manager kosten bei T‑Systems leicht mehrere Personentage pro Verfahren.

Patterno bündelt über 4 500 Vergabeportale und liest Vergabeunterlagen volltextbasiert in Sekunden. Die KI markiert K‑O‑Kriterien, Eignungsanforderungen und Losstruktur mit Fundstellen, so dass Sie Go oder No‑Go in wenigen Minuten entscheiden können. Das erhöht die Trefferquote und spart Angebotskapazität ohne zusätzliche Köpfe.

Lassen Sie uns zu einem 15 minütigen digitalen Kaffeetrinken treffen Ich zeige Ihnen, wie andere IT‑Systemhäuser ihre Bid‑Kapazität erhöht haben

Beste Grüße"
"Marco Keuter","Marco","Keuter","Bid Manager / Pricing Manager","Erdmannhausen, Baden-Württemberg, Deutschland","T-Systems International GmbH","t-systems.com","https://www.linkedin.com/in/marco-keuter-2a1197229/","Sie haben am 24.09.2026 den Zuschlag für „Deutschland – IT-Dienste: Beratung, Software-Entwicklung, Internet und Hilfestellung – Rahmenvereinbarung über“ (Bayerisches Staatsministerium für Digitales) erhalten — im selben CPV-Segment laufen aktuell weitere Verfahren.",0.72,"https://ted.europa.eu/en/notice/-/detail/657486-2026","zuschlag_gewonnen","2026-09-24","+491703490142","marco.keuter@t-systems.com","Sehr geehrter Herr Keuter,

Glückwunsch zum Zuschlag vom 24.09.2026 für die Rahmenvereinbarung des Bayerischen Staatsministeriums für Digitales. Auffällig sind bei T Systems die Konsolidierung unter T Cloud und die Health Hybrid Cloud Initiative, beides Signale dafür, dass Sie Kapazität und Compliance parallel skalieren müssen.

Als Bid Manager kennen Sie die Fallstricke: verstreute Landesportale, EVB IT Fallen und immer wieder neu geforderte Eignungsnachweise wie ISO 27001 oder BSI Grundschutz. Genau dort verliert Ihr Team Personentage und strategische Schlagkraft.

Patterno bündelt über 4500 Vergabequellen in einer täglichen Trefferliste und liest komplette Vergabeunterlagen in Sekunden. Die KI prüft Go oder No Go gegen Ihre Eignungskriterien und liefert jede Fundstelle belastbar für Kalkulation und Bieterfragen. Für ein IT Haus mit hoher Verfahrensfrequenz heißt das: mehr passende Chancen, weniger Blindzeit und reale Entlastung Ihrer Pricing und Bid Kapazität.

Lassen Sie uns zu einem 15 minütigen digitalen Kaffeetrinken treffen? Ich zeige Ihnen, wie andere Systemhäuser die Effizienz gesteigert haben.

Beste Grüße","Sehr geehrter Herr Keuter,

Glückwunsch zur strategischen Bündelung unter T Cloud und zur Health Hybrid Cloud Initiative. Die erweiterte Broadcom VMware Partnerschaft zeigt, dass T Systems seine Cloudlandkarte konsequent professionalisiert und Marktanteile systematisch ausbaut.

Als Bid Manager bei T Systems kennen Sie die Realität: Vergaben verteilen sich über Hunderte von Portalen und formale Fallen wie EVB IT oder ISO Anforderungen disqualifizieren Angebote beim Querlesen. Gleichzeitig bindet die steigende Verfahrensfrequenz wertvolle Kapazität Ihres Pricing und Ihrer Price to Win Kalkulation.

Patterno automatisiert genau diese Arbeitsschritte. Unsere KI filtert Treffer aus 4.500 Portalen nach CPV Profil, liest Vergabeunterlagen in Sekunden und markiert K o Kriterien, Losstruktur und Fristen mit direktem Link zur Fundstelle. Im Produktmix finden Sie Patterno HIT für Marktabdeckung und Patterno BID für die schnelle Erstellung von Eigenerklärungen und Kalkulationsvorlagen.

Lassen Sie uns zu einem 15 minütigen digitalen Kaffeetrinken treffen? Ich zeige Ihnen, wie andere IT Systemhäuser ihre Bid Kapazität verdreifacht und Ausschlussrisiken minimiert haben.

Beste Grüße","Sehr geehrter Herr Keuter,

Haben Sie meine letzte Email erhalten? Glückwunsch zum Zuschlag vom 24.09.2026 für die Rahmenvereinbarung des Bayerischen Staatsministeriums für Digitales. Auffällig sind bei T Systems die Konsolidierung unter T Cloud und die Health Hybrid Cloud Initiative, beides Signale dafür, dass Sie Kapazität und Compliance parallel skalieren müssen.

Als Bid Manager kennen Sie die Fallstricke: verstreute Landesportale, EVB IT Fallen und immer wieder neu geforderte Eignungsnachweise wie ISO 27001 oder BSI Grundschutz. Genau dort verliert Ihr Team Personentage und strategische Schlagkraft.

Patterno bündelt über 4500 Vergabequellen in einer täglichen Trefferliste und liest komplette Vergabeunterlagen in Sekunden. Die KI prüft Go oder No Go gegen Ihre Eignungskriterien und liefert jede Fundstelle belastbar für Kalkulation und Bieterfragen. Für ein IT Haus mit hoher Verfahrensfrequenz heißt das: mehr passende Chancen, weniger Blindzeit und reale Entlastung Ihrer Pricing und Bid Kapazität.

Lassen Sie uns zu einem 15 minutigen digitalen Kaffeetrinken treffen? Ich zeige Ihnen, wie andere Systemhäuser die Effizienz gesteigert haben.

Beste Grüße"
"Sebastian Schnall","Sebastian","Schnall","BID Manager","Sinsheim, Baden-Württemberg, Germany","CANCOM Public GmbH","cancom.de","https://www.linkedin.com/in/sebastianschnall/","Sie haben am 23.09.2026 den Zuschlag für „APC für Einsatzleitstellen der BPOL“ (Bundesrepublik Deutschland, vertreten durch das Bundesministerium des Innern, vertreten durch das Beschaffungsamt des BMI) erhalten — im selben CPV-Segment laufen aktuell weitere Verfahren.",0.85,"https://oeffentlichevergabe.de/api/notices/a6f6366b-6f73-4584-8d2b-e73cfa5ab1d3?format=pdf","zuschlag_gewonnen","2026-09-23","+491774855385","sebastian.schnall@cancom.de","Sehr geehrter Herr Schnall,

herzlichen Glückwunsch zum Zuschlag am 23.09.2026 für APC für Einsatzleitstellen der BPOL. Dass CANCOM diesen Auftrag im gleichen CPV Segment gewinnt, bestätigt Ihre operative Stärke und erklärt, warum dort aktuell weitere Verfahren laufen. Ihre Rolle als Bid Manager bei CANCOM und die aktuelle Expansion Ihrer Servicekapazitäten geben dem Thema Angebotssteuerung zusätzlichen Druck.

Operativ entstehen genau die Probleme, die wir bei IT Systemhäusern beobachten: verstreute Fristen auf vielen Portalen, wiederkehrende Nachweispakete und formale Fallen durch EVB IT und UfAB. Patterno bündelt über 4.500 Quellen und prüft Vergabeunterlagen im Volltext in Sekunden gegen Ihre Eignungskriterien. Jeder Befund kommt mit Fundstelle, Frist und klarer Go oder No Go Einschätzung.

Für CANCOM bedeutet das mehr Treffer bei weniger Personentagen und weniger Risiko durch Wissensverlust einzelner Mitarbeiter. Lassen Sie uns zu einem 15 minütigen digitalen Kaffeetrinken treffen? Ich zeige Ihnen, wie andere IT Teams ihre Bid Kapazität skaliert haben.

Beste Grüße","Sehr geehrter Herr Schnall,

die jüngsten CANCOM‑Publikationen wie der Cyber Security Report 2026 und die Präsentation der FlexPod AI Referenzarchitektur zeigen eine klare Priorisierung von souveräner KI‑Infrastruktur und Cyber‑Resilienz. Ebenso signalisiert die Eröffnung der Service Factory in Norderstedt sowie die Partnerschaft mit ServiceNow Wachstum in Servicekapazität und automatisierten Betriebsprozessen.

Für Bid Management bei CANCOM bedeutet das konkret: Mehr Rahmenvergaben und KI‑Projekte erhöhen die Anzahl komplexer LOS‑Strukturen und formaler Eignungskriterien, die beim Querlesen leicht übersehen werden. Gleichzeitig verschärft die Frequenz an Ausschreibungen den Engpass an qualifizierten Bid‑Ressourcen.

Patterno bündelt über 4.500 Vergabeportale und liest Vergabeunterlagen in Sekunden, erkennt EVB‑IT‑Fallen, BSI‑/ISO‑Anforderungen und markiert K.O.‑Kriterien mit Fundstelle. So erhalten Ihre Bid‑Teams täglich gefilterte Treffer und eine verlässliche Go/No‑Go‑Entscheidung, ohne zusätzliche Personaltage zu binden.

Lassen Sie uns zu einem 15‑minütigen digitalen Kaffeetrinken treffen? Ich zeige Ihnen, wie andere IT‑Systemhäuser ihre Angebotskapazität ohne zusätzliche Einstellungen skaliert haben.

Beste Grüße","Sehr geehrter Herr Schnall,

Haben Sie meine letzte Email erhalten? Herzlichen Glückwunsch zum Zuschlag am 23.09.2026 für APC für Einsatzleitstellen der BPOL. Dass CANCOM diesen Auftrag im gleichen CPV Segment gewinnt, bestätigt Ihre operative Stärke und erklärt, warum dort aktuell weitere Verfahren laufen. Ihre Rolle als Bid Manager bei CANCOM und die Expansion der Servicekapazitäten erhöhen den Druck auf Angebotssteuerung und Fristenmanagement.

Operativ entstehen genau die Probleme, die wir bei IT Systemhäusern sehen: verstreute Fristen auf vielen Portalen, wiederkehrende Nachweispakete und formale Fallen durch EVB IT und UfAB. Patterno bündelt über 4.500 Quellen und prüft Vergabeunterlagen im Volltext in Sekunden gegen Ihre Eignungskriterien. Jeder Befund kommt mit Fundstelle, Frist und klarer Go oder No Go Einschätzung.

Für CANCOM heißt das: mehr Treffer bei weniger Personentagen und geringeres Risiko durch Wissensverlust einzelner Mitarbeiter. Lassen Sie uns zu einem 15 minütigen digitalen Kaffeetrinken treffen? Ich zeige Ihnen, wie andere IT Teams ihre Bid Kapazität skaliert haben.

Beste Grüße"
"Dejvi Mero","Dejvi","Mero","Bid Manager","Frankfurt, Hesse, Germany","adesso SE","adesso.de","https://www.linkedin.com/in/dejvi-mero/","Sie haben am 16.09.2026 den Zuschlag für „Migration von ARD-Dashboards in Power BI Modul 13“ (Rundfunk Berlin-Brandenburg) erhalten — im selben CPV-Segment laufen aktuell weitere Verfahren.",0.85,"https://oeffentlichevergabe.de/api/notices/2fbce19e-8406-42b5-9a31-021c37f0693e?format=pdf","zuschlag_gewonnen","2026-09-16","+4917664301502","dejvi.mero@adesso.de","Sehr geehrter Herr Mero,

Glückwunsch zum Zuschlag für die Migration der ARD Dashboards in Power BI am 16.09.2026. Die Kombination aus Ihrem Fokus auf Datenqualität und den jüngsten Cloud Investitionen bei adesso macht Sie genau zu dem Team, das komplexe Dashboardmigrationen sicher umsetzt.

Als Bid Manager kennen Sie die täglichen Fallen: verstreute Fristen auf Landesportalen, wechselnde Eignungsnachweise wie BSI Grundschutz oder ISO 27001 und viel Zeitverlust beim Zusammenstellen von Nachweispaketen. Bei steigender Verfahrensanzahl wird Bid Kapazität schnell zum Engpass.

Patterno bündelt über 4.500 Quellen und liest Vergabeunterlagen im Volltext in Sekunden. Die KI prüft K o Kriterien gegen Ihr Profil, liefert jeden Fund mit Fundstelle und reduziert die Sondierzeit auf Minuten. Für Teams mit wiederkehrenden IT Verfahren bedeutet das mehr passende Teilnahmen bei konstanten Personalressourcen.

Lassen Sie uns zu einem 15 minütigen digitalen Kaffeetrinken treffen? Ich zeige Ihnen kurz, wie andere IT Systemhäuser ihre Trefferquote erhöht haben.

Beste Grüße","Sehr geehrter Herr Mero,

herzlichen Glückwunsch zur AWS Premier Tier Partnerschaft von adesso und zum Großauftrag mit der Deutschen Bundesbank. Ihre Rolle als Bid Manager für Data & AI passt offensichtlich zu dieser strategischen Cloud‑Ausrichtung und zeigt, dass Sie Skalierung und Compliance gleichzeitig managen müssen.

Aus Bid‑Sicht kennen Sie die typischen Fallen: verstreute Fristen auf vielen Portalen und formale Ausschlussgründe wie fehlende Eignungsnachweise können hochwertige Angebote schnell disqualifizieren. Ebenso kostet das wiederholte Zusammenstellen von Nachweispaketen täglich Zeit in Ihrem Team.

Patterno bündelt über 4.500 Vergabeportale und liest Vergabeunterlagen in Sekunden. Für ein IT‑Systemhaus wie adesso liefert das eine gefilterte Tagesliste, verlinkte Fundstellen zu K.O.‑Kriterien und automatisierte Eigenerklärungen, sodass Ihre Bid‑Kapazität effektiver genutzt wird und Sie weniger Fälle übersehen.

Lassen Sie uns zu einem 15‑minütigen digitalen Kaffeetrinken treffen? Ich zeige Ihnen, wie andere IT‑Teams mit Patterno Ausschlussrisiken reduzieren und die Angebotsfrequenz steigern.

Beste Grüße","Sehr geehrter Herr Mero,

Haben Sie meine letzte Mail erhalten? Glückwunsch zum Zuschlag für die Migration der ARD Dashboards in Power BI am 16.09.2026. Die Kombination aus Ihrem Fokus auf Datenqualität und den jüngsten Cloud Investitionen bei adesso macht Sie genau zu dem Team, das komplexe Dashboardmigrationen sicher umsetzt.

Als Bid Manager kennen Sie die täglichen Fallen: verstreute Fristen auf Landesportalen, wechselnde Eignungsnachweise wie BSI Grundschutz oder ISO 27001 und viel Zeitverlust beim Zusammenstellen von Nachweispaketen. Bei steigender Verfahrensanzahl wird Bid Kapazität schnell zum Engpass.

Patterno bündelt über 4.500 Quellen und liest Vergabeunterlagen im Volltext in Sekunden. Die KI prüft K.O. Kriterien gegen Ihr Profil, liefert jeden Fund mit Fundstelle und reduziert die Sondierzeit auf Minuten. Für Teams mit wiederkehrenden IT Verfahren bedeutet das mehr passende Teilnahmen bei konstanten Personalressourcen.

Lassen Sie uns zu einem 15 Minuten digitalen Kaffeetrinken treffen? Ich zeige Ihnen kurz, wie andere IT Systemhäuser ihre Trefferquote erhöht haben.

Beste Grüße"
"Stephan Kohnen","Stephan","Kohnen","Senior Proposal Manager International","Berlin, Germany","adesso SE","adesso.de","https://www.linkedin.com/in/stephan-kohnen-58730133a/","Sie haben am 16.09.2026 den Zuschlag für „Migration von ARD-Dashboards in Power BI Modul 13“ (Rundfunk Berlin-Brandenburg) erhalten — im selben CPV-Segment laufen aktuell weitere Verfahren.",0.85,"https://oeffentlichevergabe.de/api/notices/2fbce19e-8406-42b5-9a31-021c37f0693e?format=pdf","zuschlag_gewonnen","2026-09-16","+49 491 622808510","stephan.kohnen@adesso.de","Sehr geehrter Herr Kohnen,

Ihre Arbeit als Senior Proposal Manager International bei adesso SE und die jüngsten Partnerschaften zur Stärkung von Cloud und KI sind auffällig. Der Zuschlag für die Migration von ARD Dashboards in Power BI Modul 13 zeigt, dass Sie operative Kapazitäten für komplexe IT Vergaben erfolgreich mobilisieren.

Ich vermute, Sie kennen die typischen Fallen: EVB IT Klauseln, BSI oder ISO Anforderungen und verstreute Fristen auf Landesportalen, die ein Angebot schnell entwerten. Gerade bei Sammelvergaben entscheidet die Losstruktur über Go oder NoGo und kostet sonst viele Personentage.

Patterno bündelt über 4.500 Quellen und liest Vergabeunterlagen im Volltext in Sekunden. Die KI markiert K O Kriterien, Eignungsnachweise und Fristen mit Fundstelle, sodass Ihr Team in zwei Minuten entscheiden kann welche Verfahren lohnen. Bei Wiederholvergabeprozessen ist Automatisierung der Hebel zur Skalierung ohne zusätzliches Bid Personal.

Lassen Sie uns zu einem 15 minütigen digitalen Kaffeetrinken treffen? Ich zeige Ihnen, wie andere IT Systemhäuser ihre Bid Kapazität verdichtet haben.

Beste Grüße","Sehr geehrter Herr Kohnen,

herzlichen Glückwunsch zum Ausbau der Cloud- und AI-Partnerschaften bei adesso, insbesondere zum AWS Premier Tier und zur erweiterten Kooperation mit RWE. Solche Strategien verändern die Angebotslandschaft und erhöhen die Zahl relevanter Rahmenvereinbarungen deutlich.

Als Senior Proposal Manager International kennen Sie die Herausforderung: Rahmenverträge und Mehrlosverfahren bringen eine hohe Anzahl fachlich unterschiedlicher Lose, die erst in den Unterlagen klar werden. Zeitintensive Portalrecherche und verstreute Fristen binden Kapazität, die für Kalkulation und Angebotsqualität fehlt.

Patterno automatisiert genau diese Arbeit: Wir durchsuchen über 4.500 Vergabeportale, lesen komplette Vergabeunterlagen in ~30 Sekunden und markieren K.-o.-Kriterien, Losstruktur und Fristen mit Fundstellenverlinkung. Für adesso bedeutet das: schnellere Go-No-Go-Entscheidungen und mehr Kapazität für hochwertige Angebotsstrategien ohne zusätzliches Personal.

Lassen Sie uns zu einem 15-minütigen digitalen Kaffeetrinken treffen? Ich zeige Ihnen, wie andere IT-Systemhäuser ihre Trefferquote bei Rahmenverträgen erhöht haben.

Beste Grüße","Sehr geehrter Herr Kohnen,

Haben Sie meine letzte Email erhalten? Ihre Rolle als Senior Proposal Manager International bei adesso SE und die jüngsten Partnerschaften zur Stärkung von Cloud und KI fallen auf. Der Zuschlag für die Migration von ARD Dashboards in Power BI Modul 13 zeigt, dass Sie operative Kapazitäten für komplexe IT Vergaben erfolgreich mobilisieren.

Ich vermute, Sie kennen die typischen Fallen: EVB IT Klauseln, BSI oder ISO Anforderungen und verstreute Fristen auf Landesportalen, die ein Angebot schnell entwerten. Gerade bei Sammelvergaben entscheidet die Losstruktur über Go oder NoGo und kostet sonst viele Personentage. Patterno bündelt über 4.500 Quellen und liest Vergabeunterlagen im Volltext in Sekunden. Die KI markiert K O Kriterien, Eignungsnachweise und Fristen mit Fundstelle, sodass Ihr Team in zwei Minuten entscheiden kann, welche Verfahren lohnen. Bei Wiederholvergabeprozessen ist Automatisierung der Hebel zur Skalierung ohne zusätzliches Bid Personal.

Lassen Sie uns zu einem 15 minütigen digitalen Kaffeetrinken treffen? Ich zeige Ihnen, wie andere IT Systemhäuser ihre Bid Kapazität verdichtet haben.

Beste Grüße"
"Dennis Praum","Dennis","Praum","Senior Proposal Manager","Germany","adesso SE","adesso.de","https://www.linkedin.com/in/dennis-praum-26a370150/","Sie haben am 16.09.2026 den Zuschlag für „Migration von ARD-Dashboards in Power BI Modul 13“ (Rundfunk Berlin-Brandenburg) erhalten — im selben CPV-Segment laufen aktuell weitere Verfahren.",0.85,"https://oeffentlichevergabe.de/api/notices/2fbce19e-8406-42b5-9a31-021c37f0693e?format=pdf","zuschlag_gewonnen","2026-09-16","","dennis.praum@adesso.de","Sehr geehrter Herr Praum,

Glückwunsch zum Zuschlag für die Migration der ARD Dashboards in Power BI Modul 13 am 16.09.2026. Dass adesso in diesem CPV Segment aktiv ist, passt zu Ihrer Expertise im Proposal Umfeld und erklärt, warum Ihnen Qualität und Präzision wichtiger sind als laute Marketingfloskeln.

Operatives Bid Management kostet bei Rahmenvereinbarungen und Mehrlosverfahren schnell viele Personentage. Versteckte Eignungsanforderungen wie BSI Grundschutz oder Präqualifikationen und verstreute Fristen auf Landesportalen sind klassische Fallen, die Ihre Kalkulation entwerten können. Wissen, das an Einzelpersonen hängt, erhöht zudem das Risiko bei Urlaub oder Wechsel.

Patterno bündelt über 4.500 Vergabequellen und analysiert Vergabeunterlagen per KI in Sekunden, inklusive Erkennung von Fristen, Losstruktur und K O Kriterien mit direkter Verlinkung zur Fundstelle. Für ein IT Systemhaus heißt das: weniger Portal Recherche, schnelleres Go no Go und mehr Kapazität für Kalkulation und Angebotsqualität.

Lassen Sie uns zu einem 15 minütigen digitalen Kaffeetrinken treffen? Ich zeige Ihnen, wie andere IT Teams ihre Trefferquote erhöht haben.

Beste Grüße","Sehr geehrter Herr Praum,

Ihr Profil als Senior Proposal Manager und Ihr Claim „creating customised content to convince“ zeigen, dass Sie Wert auf präzise Prozesse und belastbare Inhalte legen. Als Working Dad und Verfechter von Loyalität und Integration dürfte Ihnen zudem wichtig sein, dass Teamwissen robust und ausfallsicher organisiert ist.

Bei adesso sehe ich zwei wiederkehrende Herausforderungen: Die Vergabewelt ist fragmentiert und verstreut über Landesportale, TED und lokale Plattformen, was Sichtungskapazität bindet. Gleichzeitig führen formale Anforderungen wie EVB-IT, BSI-Grundschutz oder Präqualifikationen schnell zu No-Go-Entscheidungen, wenn sie übersehen werden.

Patterno bündelt über 4.500 Quellen in einer täglichen Trefferliste, liest Vergabeunterlagen in Sekunden und markiert K.-o.-Kriterien samt Fundstelle. Für ein IT-Haus wie adesso heißt das: Go-oder-No-Go in Minuten statt Stunden und weniger Risiko durch übersehene Eignungsanforderungen. Die Kapazitätsersparnis gibt Ihren Teams Luft für Kalkulation und Angebotsqualität statt Portalsichtung.

Lassen Sie uns zu einem 15-minütigen digitalen Kaffeetrinken treffen? Ich zeige Ihnen, wie andere IT-Teams ihre Trefferquote steigern.

Beste Grüße","Sehr geehrter Herr Praum,

Haben Sie meine letzte Email erhalten? Kurz nach Ihrem Wechsel zu adesso wollte ich anknüpfen, weil mir Ihre Seriosität im Proposal-Umfeld aufgefallen ist.

Glückwunsch zum Zuschlag für die Migration der ARD Dashboards in Power BI Modul 13 am 16.09.2026. Dass adesso in diesem CPV Segment aktiv ist, passt zu Ihrer Expertise im Proposal Umfeld und erklärt, warum Ihnen Qualität und Präzision wichtiger sind als laute Marketingfloskeln.

Operatives Bid Management kostet bei Rahmenvereinbarungen und Mehrlosverfahren schnell viele Personentage. Versteckte Eignungsanforderungen wie BSI Grundschutz oder Präqualifikationen und verstreute Fristen auf Landesportalen sind klassische Fallen, die Ihre Kalkulation entwerten können. Wissen, das an Einzelpersonen hängt, erhöht zudem das Risiko bei Urlaub oder Wechsel.

Patterno bündelt über 4.500 Vergabequellen und analysiert Vergabeunterlagen per KI in Sekunden, inklusive Erkennung von Fristen, Losstruktur und K O Kriterien mit direkter Verlinkung zur Fundstelle. Für ein IT Systemhaus heißt das: weniger Portal Recherche, schnelleres Go no Go und mehr Kapazität für Kalkulation und Angebotsqualität.

Lassen Sie uns zu einem 15 minütigen digitalen Kaffeetrinken treffen? Ich zeige Ihnen, wie andere IT Teams ihre Trefferquote erhöht haben.

Beste Grüße"
"Fabian Lehmann","Fabian","Lehmann","Tender Manager","Münster, Nordrhein-Westfalen, Deutschland","ACP IT Solutions GmbH","acp-gruppe.com","https://www.linkedin.com/in/fabian-lehmann-138552228/","Sie haben am 14.09.2026 den Zuschlag für „M365 Lizenzen“ (Museum für Naturkunde Berlin Leibniz-Institut für Evolutions- und Biodiversitätsforschung) erhalten — im selben CPV-Segment laufen aktuell weitere Verfahren.",1,"https://oeffentlichevergabe.de/api/notices/ccf2651a-6dcb-49a4-bb23-1c9e33761ec0?format=pdf","zuschlag_gewonnen","2026-09-14","","fabian.lehmann@acp.de","Sehr geehrter Herr Lehmann,

herzlichen Glückwunsch zum Zuschlag für M365 Lizenzen am 14.09.2026 für das Museum für Naturkunde Berlin. Im selben CPV Segment laufen aktuell mehrere Verfahren, was die Wiederholung und Komplexität Ihrer Ausschreibungslandschaft unterstreicht.

Als Tender Manager bei ACP kennen Sie die Fallstricke: verstreute Fristen auf Landesportalen, formale EVB IT Fallen und immer wieder neu zusammenzustellende Nachweispakete wie ISO 27001 Nachweise. Das bindet Kapazität und macht Angebote verletzlich.

Patterno bündelt über 4.500 Quellen in einer täglichen Trefferliste und liest Vergabeunterlagen in Sekunden mit verlinkten Fundstellen. So sehen Sie Go oder No Go in zwei Minuten und erhalten belastbare Befunde für Bieterfragen und Kalkulation. Für IT Systemhäuser ist das der Hebel gegen knappe Bid Kapazität und fragmentierte Portale.

Lassen Sie uns zu einem 15 minütigen digitalen Kaffeetrinken treffen? Ich zeige Ihnen in 30 Minuten, was Patterno in Ihrer letzten Ausschreibung findet.

Beste Grüße","Sehr geehrter Herr Lehmann,

Glückwunsch zur Auszeichnung als Best Veeam Data Cloud Partner und zur Rolle als Launch Partner der neuen Cloud Region Österreich. Solche Erfolge passen offensichtlich zu ACPs strategischem Fokus auf Cloud und Datensicherung nach dem Erreichen des Milliardenumsatzes.

Als Tender Manager wissen Sie besser als viele, wie fragmentiert Beschaffungsquellen sind und wie leicht formale Ausschlusskriterien in EVB IT Verfahren übersehen werden. Die Folge sind verlorene Kapazität und riskante Nacharbeiten bei Nachweisen wie ISO 27001 oder BSI Anforderungen.

Patterno bündelt über 4.500 Vergabeportale in einem Posteingang, bewertet jede Bekanntmachung per qualifizierter KI Suche gegen Ihr CPV Profil und liest Vergabeunterlagen in rund 30 Sekunden mit direkt verlinkten Fundstellen. Für ein IT Systemhaus wie ACP reduziert das Sichtaufwand, erhöht die Trefferquote und schützt Ihre Kalkulation vor formalen Fallstricken.

Lassen Sie uns zu einem 15 minütigen digitalen Kaffeetrinken treffen? Ich zeige Ihnen, wie andere Systemhäuser mit Patterno mehr passende Verfahren finden und weniger Kapazität verlieren.

Beste Grüße","Sehr geehrter Herr Lehmann,

Haben Sie meine letzte Nachricht erhalten? Herzlichen Glückwunsch zum Zuschlag für M365 Lizenzen am 14.09.2026 für das Museum für Naturkunde Berlin. Im selben CPV Segment laufen aktuell mehrere Verfahren, was die Wiederholung und Komplexität Ihrer Ausschreibungslandschaft unterstreicht.

Als Tender Manager bei ACP sind Ihnen die Fallstricke vertraut: verstreute Fristen auf Landesportalen, formale EVB IT Fallen und immer wieder neu zusammenzustellende Nachweispakete wie ISO 27001 Nachweise. Das bindet Kapazität und macht Angebote verletzlich.

Patterno bündelt über 4.500 Quellen in einer täglichen Trefferliste, liest Vergabeunterlagen in Sekunden und verlinkt jeden Befund zur Originalstelle. So sehen Sie Go oder No Go in zwei Minuten und erhalten belastbare Befunde für Bieterfragen und Kalkulationen. Für IT Systemhäuser wie ACP ist das der Hebel gegen knappe Bid Kapazität und fragmentierte Portale.

Lassen Sie uns zu einem 15 minütigen digitalen Kaffeetrinken treffen? Ich zeige Ihnen in 30 Minuten, was Patterno in Ihrer letzten Ausschreibung findet.

Beste Grüße"
"Tizian Jaeschke","Tizian","Jaeschke","IT Tender- / Bid-Manager","Greater Munster Area, Germany","ACP IT Solutions GmbH","acp-gruppe.com","https://www.linkedin.com/in/johannes-tizian-jaeschke/","Sie haben am 14.09.2026 den Zuschlag für „M365 Lizenzen“ (Museum für Naturkunde Berlin Leibniz-Institut für Evolutions- und Biodiversitätsforschung) erhalten — im selben CPV-Segment laufen aktuell weitere Verfahren.",1,"https://oeffentlichevergabe.de/api/notices/ccf2651a-6dcb-49a4-bb23-1c9e33761ec0?format=pdf","zuschlag_gewonnen","2026-09-14","+4915117633233","tizian.jaeschke@acp.de","Sehr geehrter Herr Jaeschke,

herzlichen Glückwunsch zum Zuschlag für M365 Lizenzen am 14.09.2026 für das Museum für Naturkunde Berlin. Ein solcher Erfolg zeigt, dass ACP gezielt in öffentliche Rahmenverträge gewinnt. Im gleichen CPV Segment laufen aktuell weitere Verfahren, die ähnlich strukturierte Dokumente und formale Anforderungen haben.

Als IT Tender und Bid Manager kennen Sie die typischen Fallen: verstreute Fristen auf Landesportalen, umfangreiche Nachweispakete und EVB IT Klauseln, die eine Kalkulation entwerten können. Die operative Kapazität ist knapp und viele Prüfungen hängen an Einzelpersonen.

Patterno bündelt über 4.500 Quellen und liest Vergabeunterlagen volltextlich in Sekunden. Die KI identifiziert Eignungsanforderungen wie BSI Grundschutz oder ISO 27001 und liefert belastbare Fundstellen für Bieterfragen und Kalkulation. Für ein wachsendes Angebotspensum bedeutet das: schnelle Go oder No Go Entscheidungen und deutlich weniger Personentage für Sichtung.

Lassen Sie uns zu einem 15 minütigen digitalen Kaffeetrinken treffen? Ich zeige Ihnen, was Patterno in Ihrer letzten Ausschreibung findet.

Beste Grüße","Sehr geehrter Herr Jaeschke,

Glückwunsch zur Einbindung der ACP IT Solutions GmbH in die Gruppe und zum Zuschlag bei mehreren öffentlichen Rahmenverträgen wie dem Bundesinnenministerium und ProVitako. Die Partnerschaft mit Broadcom und der Rekordumsatz zeigen, dass ACP die Public Sector Kompetenz massiv ausbaut und Volumen jetzt skalierbar abdecken muss.

Als IT Tender und Bid Manager kennen Sie die Herausforderung: Zahlreiche Quellen, mehrlosige Losstrukturen und formale Fallen wie EVB IT oder BSI Anforderungen machen die Sichtung zeitaufwendig und fehleranfällig. Jede übersehene Kriteriumsanforderung kann eine Kalkulation entwerten.

Patterno bündelt über 4.500 Vergabeportale, liest Vergabeunterlagen volltextlich in Sekunden und liefert Go oder No Go inklusive Fundstelle. Für ACP heißt das: frühere Sichtbarkeit relevanter Rahmenvereinbarungen, konsistente Eignungsprüfungen und weniger Zeitverlust durch manuelle Portalsichtung.

Lassen Sie uns zu einem 15minütigen digitalen Kaffeetrinken treffen? Ich zeige Ihnen, wie andere IT Systemhäuser mit Patterno Trefferquoten und Kapazität steigern.

Beste Grüße","Sehr geehrter Herr Jaeschke,

Haben Sie meine letzte Email erhalten? Herzlichen Glückwunsch zum Zuschlag für M365 Lizenzen am 14.09.2026 für das Museum für Naturkunde Berlin. Ein solcher Erfolg zeigt, dass ACP gezielt in öffentliche Rahmenverträge gewinnt. Im gleichen CPV Segment laufen aktuell weitere Verfahren, die ähnlich strukturierte Dokumente und formale Anforderungen haben.

Als IT Tender und Bid Manager kennen Sie die typischen Fallen: verstreute Fristen auf Landesportalen, umfangreiche Nachweispakete und EVB IT Klauseln, die eine Kalkulation entwerten können. Die operative Kapazität ist knapp und viele Prüfungen hängen an Einzelpersonen. Patterno bündelt über 4.500 Quellen und liest Vergabeunterlagen volltextlich in Sekunden. Die KI identifiziert Eignungsanforderungen wie BSI Grundschutz oder ISO 27001 und liefert belastbare Fundstellen für Bieterfragen und Kalkulation.

Für ACP bedeutet das mehr Treffer bei relevanten Verfahren, schnellere Go oder No Go Entscheidungen und deutlich weniger Personentage für Sichtung. Lassen Sie uns zu einem 15 minütigen digitalen Kaffeetrinken treffen? Ich zeige Ihnen, was Patterno in Ihrer letzten Ausschreibung findet.

Beste Grüße"
"Laura Wotschke","Laura","Wotschke","Senior Bid Manager","Berlin, Germany","ACP IT Solutions GmbH","acp-gruppe.com","https://www.linkedin.com/in/laura-wotschke-364010296/","Sie haben am 14.09.2026 den Zuschlag für „M365 Lizenzen“ (Museum für Naturkunde Berlin Leibniz-Institut für Evolutions- und Biodiversitätsforschung) erhalten — im selben CPV-Segment laufen aktuell weitere Verfahren.",1,"https://oeffentlichevergabe.de/api/notices/ccf2651a-6dcb-49a4-bb23-1c9e33761ec0?format=pdf","zuschlag_gewonnen","2026-09-14","","laura.wotschke@acp.de","Sehr geehrte Frau Wotschke,

Glückwunsch zum Zuschlag für M365 Lizenzen am 14.09.2026 für das Museum für Naturkunde Berlin. Solche Erfolge zeigen, dass ACP die öffentliche Hand aktiv bearbeitet. Gleiches CPV Segment läuft aktuell mehrfach und erhöht den Druck auf Ihre Bid Kapazität.

Aus unserer Arbeit wissen wir: Bid Kapazität ist der Engpass. Verteilte Landesportale, verstreute Fristen und formale Fallen wie EVB IT oder BSI Nachweise kosten Zeit und führen zu Fehlentscheidungen beim Querlesen. Für ein Team wie Ihres bedeutet das wiederkehrende Nachweispakete, Risiko durch Einzelpersonen Wissen und sichtbare Personentage Kosten.

Patterno bündelt über 4.500 Vergabequellen und liest Vergabeunterlagen in Sekunden. Die KI identifiziert K o Kriterien, Eignungsnachweise und Losstrukturen mit Fundstelle und liefert Go oder No Go in zwei Minuten. Für ACP heißt das weniger Sichten, weniger Nacharbeit und mehr fokussierte Kalkulation in Ihren Prozessen.

Lassen Sie uns zu einem 15 minütigen digitalen Kaffeetrinken treffen? Ich zeige Ihnen, wie andere IT Systemhäuser ihre Bid Kapazität skaliert haben.

Beste Grüße","Sehr geehrte Frau Wotschke,

Glückwunsch zur Bestätigung der Broadcom Partnerschaft und zu den jüngsten Rahmenvertragsgewinnen im öffentlichen Sektor. Die Eröffnung des Standorts Münster und das Umsatzwachstum zeigen, dass ACP die Kapazitäten für Public Sector Engagement massiv ausbaut.

Als Senior Bid Manager kennen Sie die typischen Fallen: verstreute Fristen auf vielen Portalen, anspruchsvolle Eignungsnachweise wie BSI Grundschutz oder ISO 27001 und die Mehrlosstruktur, die erst im Dokument die Passung klärt. Diese Arbeit bindet Kapazität, die für Kalkulation und Angebotsqualität fehlt.

Patterno bündelt über 4.500 Vergabequellen in einer täglichen Trefferliste und liest komplette Vergabeunterlagen in Sekunden, inklusive K O Kriterien und verlinkter Fundstellen. So sehen Sie Go oder No Go schnell und vermeiden aussichtslose Aufwände, ohne zusätzliches Personal einzustellen.

Lassen Sie uns zu einem 15 minütigen digitalen Kaffeetrinken treffen? Ich zeige Ihnen, wie andere IT Systemhäuser mit Patterno die Trefferqualität steigern und Angebotszeit reduzieren.

Beste Grüße","Sehr geehrte Frau Wotschke,

Haben Sie meine letzte Email erhalten? Glückwunsch zum Zuschlag für M365 Lizenzen am 14.09.2026 für das Museum für Naturkunde Berlin. Solche Erfolge belegen, dass ACP die öffentliche Hand systematisch bearbeitet und sorgen gleichzeitig für erhöhten Druck auf Ihre Bid Kapazität.

Aus unserer Arbeit wissen wir: Bid Kapazität ist der Engpass. Verteilte Landesportale, verstreute Fristen und formale Fallen wie EVB IT oder BSI Nachweise kosten Zeit und führen zu Fehlentscheidungen beim Querlesen. Für Ihr Team bedeutet das wiederkehrende Nachweispakete, Wissen, das an Einzelpersonen hängt, und signifikante Personentage Kosten.

Patterno bündelt über 4.500 Vergabequellen und liest Vergabeunterlagen in Sekunden. Die KI identifiziert K o Kriterien, Eignungsnachweise und Losstrukturen mit Fundstelle und liefert Go oder No Go in zwei Minuten. Für ACP heißt das weniger Sichten, weniger Nacharbeit und mehr fokussierte Kalkulation.

Lassen Sie uns zu einem 15 minütigen digitalen Kaffeetrinken treffen? Ich zeige Ihnen, wie andere IT Systemhäuser ihre Bid Kapazität skaliert haben.

Beste Grüße"
"Aneta Felix","Aneta","Felix","Angebotsmanagerin (Kalkulation & Konzepte)","Frankfurt, Hessen, Deutschland","SPIE Information & Communication Services GmbH","spie.de","https://www.linkedin.com/in/aneta-felix-a552aab8/","Sie haben am 22.09.2026 den Zuschlag für „Deutschland – Reparatur und Wartung von Videogeräten – Wartungsvertrag - Videoüberwachung, DG Berlin, Brandenb“ (DRV Bund Einkaufsmanagement Bauleistungen) erhalten — im selben CPV-Segment laufen aktuell weitere Verfahren.",0.72,"https://ted.europa.eu/en/notice/-/detail/651173-2026","zuschlag_gewonnen","2026-09-22","+4916099833980","aneta.felix@spie.de","Sehr geehrte Frau Felix,

herzlichen Glückwunsch zum Zuschlag vom 22.09.2026 für „Deutschland Reparatur und Wartung von Videogeräten Wartungsvertrag Videoüberwachung DG Berlin Brandenb“. Auffällig ist, dass im selben CPV Segment aktuell weitere Verfahren laufen und die Sichtung dieser Lose Ihre Kalkulationskapazitäten unmittelbar belastet.

Aus Erfahrung ergeben sich im Angebotsmanagement klare Risiken: verstreute Fristen über Landesportale, formale Fallen wie EVB IT oder BSI Anforderungen und immer wieder neu zusammenzustellende Nachweispakete. Das kostet Ihre Teams Personentage und erhöht die Gefahr, dass ein wichtiges Ausschlusskriterium übersehen wird.

Patterno bündelt über 4.500 Vergabequellen und analysiert Volltexte per KI in Sekunden. Für Angebotsmanagerinnen heißt das: Go oder No Go in zwei Minuten, alle Befunde mit Fundstelle und automatisierte Vorlagen für Eigenerklärungen und Kalkulationen. So gewinnen Sie Reichweite ohne zusätzliches Personal und reduzieren das Risiko formaler Ausschlüsse.

Lassen Sie uns zu einem 15 minütigen digitalen Kaffeetrinken treffen? Ich zeige Ihnen, was Patterno in Ihre letzte Ausschreibung findet.

Beste Grüße","Sehr geehrte Frau Felix,

Ihre letzten Pressemitteilungen zu PV‑Prüfungen für über 300 Gebäude und zum Energiespar‑Contracting in Reutlingen zeigen klare Prioritäten: Systematische Bestandsanalysen und schnelle Umsetzungsentscheidungen stehen bei SPIE im Vordergrund. Ebenso beeindruckt der Ausbau der Ladeinfrastruktur in Österreich als strategische Skalierungsinitiative.

Als Angebotsmanagerin kennen Sie die operative Seite: Das Sichten verstreuter Portale und das Auffinden von K.-o.-Kriterien kostet Zeit und führt leicht zu aussichtsfreien Kalkulationen. Gerade bei großen Rahmenprojekten entscheidet die präzise Losstruktur über Wirtschaftlichkeit und Zuschlag.

Patterno bündelt über 4.500 Vergabequellen und bewertet jede Bekanntmachung KI‑gestützt gegen Ihr CPV‑Profil. Die Plattform liest komplette Vergabeunterlagen in rund 30 Sekunden, erkennt Fristen, Eignungsanforderungen und K.-o.-Kriterien und liefert verlinkte Fundstellen samt vorgefertigten Eigenerklärungen und Kalkulationshilfen. Das Ergebnis ist mehr relevante Treffer, weniger Personentage und höhere Angebotsqualität.

Lassen Sie uns zu einer 15 Minuten dauernden digitalen Kaffeepause treffen? Ich zeige Ihnen, wie andere Angebotsabteilungen ihre Trefferquote und Effizienz gesteigert haben.

Beste Grüße","Sehr geehrte Frau Felix,

Haben Sie meine letzte Email erhalten? Herzlichen Glückwunsch zum Zuschlag vom 22.09.2026 für „Deutschland Reparatur und Wartung von Videogeräten Wartungsvertrag Videoüberwachung DG Berlin Brandenb“. Auffällig ist, dass im selben CPV Segment aktuell weitere Verfahren laufen und die Sichtung dieser Lose Ihre Kalkulationskapazitäten unmittelbar belastet.

Aus Erfahrung ergeben sich im Angebotsmanagement klare Risiken: verstreute Fristen über Landesportale, formale Fallen wie EVB IT oder BSI Anforderungen und immer wieder neu zusammenzustellende Nachweispakete. Das kostet Ihre Teams Personentage und erhöht die Gefahr, dass ein wichtiges Ausschlusskriterium übersehen wird. Patterno bündelt über 4.500 Vergabequellen und analysiert Volltexte per KI in Sekunden. Für Angebotsmanagerinnen heißt das Go oder No Go in zwei Minuten, alle Befunde mit Fundstelle und automatisierte Vorlagen für Eigenerklärungen und Kalkulationen.

Lassen Sie uns zu einem 15 minütigen digitalen Kaffeetrinken treffen? Ich zeige Ihnen, was Patterno in Ihre letzte Ausschreibung findet.

Beste Grüße"
"Shiyan Zhuang","Shiyan","Zhuang","Angebotsmanagerin / Bid Manager","Greater Munich Metropolitan Area","SPIE Information & Communication Services GmbH","spie.de","https://www.linkedin.com/in/%e8%af%97%e8%a8%80-%e5%ba%84-4363a099/","Sie haben am 22.09.2026 den Zuschlag für „Deutschland – Reparatur und Wartung von Videogeräten – Wartungsvertrag - Videoüberwachung, DG Berlin, Brandenb“ (DRV Bund Einkaufsmanagement Bauleistungen) erhalten — im selben CPV-Segment laufen aktuell weitere Verfahren.",0.72,"https://ted.europa.eu/en/notice/-/detail/651173-2026","zuschlag_gewonnen","2026-09-22","","shiyan.zhuang@spie.de","Hallo Shiyan,

herzlichen Glückwunsch zum Zuschlag vom 22.09.2026 für Deutschland Reparatur und Wartung von Videogeräten Wartungsvertrag Videoüberwachung DG Berlin Brandenb. Das ist ein klarer Beleg, dass Ihr Team in diesem CPV Segment aktiv und erfolgreich agiert und dass weitere Verfahren in derselben Kategorie aktuell laufen.

Als Angebotsmanagerin wissen Sie, wie schnell formale Fallen wie EVB IT oder fehlende BSI Nachweise ein Angebot entwerten können. Die Sichtung verstreuter Portale und das Zusammensuchen von Nachweispaketen kostet Ihr Team Personentage und macht Kapazität zum Engpass.

Patterno bündelt über 4.500 Quellen in einem Posteingang, liest Vergabeunterlagen in Sekunden und liefert Go oder No Go mit Fundstelle. So vermeiden Sie übersehene Ausschlusskriterien, finden fachlich passende Lose und sparen die Stunden, die heute für reine Recherche draufgehen.

Lassen Sie uns zu einem 15 minütigen digitalen Kaffeetrinken treffen? Ich zeige Ihnen, wie andere IT Teams mit Patterno deutlich mehr passende Verfahren finden.

Beste Grüße","Hallo Shiyan,

bei der Recherche zu SPIE Information & Communication Services GmbH sind keine aktuellen Presseeinträge verfügbar, dennoch zeigt die Unternehmensseite spie.de klar Ihre Rolle als IT-Dienstleister für Infrastruktur und Kommunikationslösungen. Als Angebotsmanagerin sind Sie vermutlich täglich mit komplexen Rahmenverträgen, Mehrlosvergaben und formalen EVB IT-Anforderungen konfrontiert.

Eine wiederkehrende Herausforderung im Bid Management sind verstreute Fristen und versteckte Ausschlusskriterien in den Anhängen sowie das manuelle Zusammenstellen von Nachweispaketen wie BSI oder ISO-Zertifikaten. Das bindet Kapazität und erhöht das Risiko, dass passende Lose übersehen oder aussichtslose Verfahren zu spät aussortiert werden.

Patterno bündelt über 4.500 Vergabeportale, liest Vergabeunterlagen in Sekunden und markiert K.-o.-Kriterien samt Fundstelle. Für Ihr Team bedeutet das: Go oder No-Go innerhalb von Minuten, konsistente Nachweispakete ohne wiederholte manuelle Arbeit und eine tägliche Trefferliste, die gezielt auf Ihre CPV-Profile filtert.

Lassen Sie uns zu einem 15-minütigen digitalen Kaffeetrinken treffen? Ich zeige Ihnen, wie andere IT-Teams ihre Bid-Kapazität skaliert haben.

Beste Grüße","Sehr geehrte Frau Zhuang,

Haben Sie meine letzte Email erhalten? Herzlichen Glückwunsch zum Zuschlag am 22.09.2026 für die Reparatur und Wartung von Videogeräten in Berlin und Brandenburg, ein klares Zeichen dafür, dass SPIE in genau diesem CPV Segment weiter gefragt ist.

Als Angebotsmanagerin kennen Sie das Risiko: Ein übersehenes Eignungskriterium oder verstreute Fristen und die Kalkulation ist entwertet. Bei IT Rahmenvereinbarungen entscheidet oft die Losstruktur über Go oder No Go und Nachweispakete kosten regelmäßig wertvolle Personentage. Wenn Wissen an Einzelpersonen hängt, wird jede Abwesenheit zum Risiko.

Patterno bündelt über 4.500 Vergabequellen, liest Volltexte in Sekunden und markiert K. O. Kriterien samt Fundstelle. Für IT Verfahren erkennt die KI EVB IT Logik, BSI und ISO Anforderungen und liefert eine tägliche Trefferliste, filterbar nach CPV Profil, Region und Auftragswert. Das verschafft Ihnen frühere Treffer, belastbare Befunde für Bieterfragen und deutlich weniger Mehraufwand bei Nachweispaketen.

Lassen Sie uns zu einem 15 minütigen digitalen Kaffeetrinken treffen? Ich zeige Ihnen, wie andere IT Teams ihre Bid Kapazität skaliert haben.

Beste Grüße"
"Iva Floßdorf","Iva","Floßdorf","Bid Managerin","Kerpen, North Rhine-Westphalia, Germany","SVA System Vertrieb Alexander GmbH","sva.de","https://www.linkedin.com/in/iva-flo%c3%9fdorf-aa0a98a4/","Sie haben am 22.09.2026 den Zuschlag für „ex post - Erneuerung der zentralen Backup-Systemumgebung“ (Länder Rheinland-Pfalz und Saarland, jeweils vertreten durch den Landesbetrieb Daten und Information Rheinland-Pfalz (LDI)) erhalten — im selben CPV-Segment laufen aktuell weitere Verfahren.",0.85,"https://oeffentlichevergabe.de/api/notices/9a9616a1-15e6-4578-9548-4f6583c4982a?format=pdf","zuschlag_gewonnen","2026-09-22","","iva.flossdorf@sva.de","Sehr geehrte Frau Floßdorf,

Glückwunsch zum Zuschlag am 22.09.2026 für die ex post Erneuerung der zentralen Backup Systemumgebung für Rheinland Pfalz und Saarland. Im selben CPV Segment laufen aktuell weitere Verfahren, sodass kurzfristig Kapazität und saubere Dokumentation gefragt sind. Ihre Rolle bei SVA mit Fokus auf Managed Services und Sicherheitskooperationen passt genau in dieses Umfeld.

Aus unserer Arbeit mit Bid Teams wissen wir, wie schnell ein übersehenes Eignungskriterium oder eine fehlende ISO 27001 Referenz ein Angebot entwertet. Bei SVA sorgt die Mischung aus MSP Leistungen und KI Projekten für hohe Verfahrensfrequenz und komplexe Losstrukturen, die beim Querlesen leicht falsch bewertet werden.

Patterno bündelt über 4 500 Vergabeportale und liest Vergabeunterlagen in Sekunden, erkennt Fristen Losstruktur und K o Kriterien und liefert belastbare Fundstellen für Kalkulation und Bieterfragen. Für ein IT Systemhaus bedeutet das: mehr passende Treffer früher und Go oder No Go Entscheidungen in zwei Minuten.

Lassen Sie uns zu einem 15 minütigen digitalen Kaffeetrinken treffen? Ich zeige Ihnen, wie andere Systemhäuser ihre Bid Kapazität skaliert haben.

Beste Grüße","Sehr geehrte Frau Floßdorf,

Glückwunsch zur Leitung von Bid Management bei SVA und zur Rolle in den jüngsten Partnerschaften mit Rubrik und CrowdStrike. Die Führung des Konsortiums im KI‑Vergabeverfahren zeigt, dass SVA strategisch auf Sicherheit und KI setzt – ein beeindruckender Schritt.

Als erfahrene Bid Managerin kennen Sie sicher die Herausforderung, bei Rahmenverträgen und Mehrlosvergaben schnell Go oder No‑Go zu entscheiden, besonders wenn EVB‑IT, BSI‑Anforderungen oder Losstrukturen den Ausschlag geben. Verstreute Fristen und wiederkehrende Nachweispakete kosten Ihr Team zudem täglich Kapazität.

Patterno bündelt über 4.500 Portale in einer täglichen, nach CPV und Region gefilterten Trefferliste und liest Vergabeunterlagen in Sekunden mit verlinkter Fundstellennachweisführung. Für SVA bedeutet das: weniger Zeit für Portalpflege, mehr Fokus auf Kalkulation und Angebotsqualität sowie geringeres Risiko, formale Fallen zu übersehen.

Lassen Sie uns zu einem 15‑minütigen digitalen Kaffeetrinken treffen? Ich zeige Ihnen, wie andere Bid Teams mit Patterno Treffer früher finden und Entscheidungen deutlich beschleunigen.

Beste Grüße","Sehr geehrte Frau Floßdorf,

Haben Sie meine letzte E‑Mail erhalten? Ihr Zuschlag am 22.09.2026 für die ex post Erneuerung der zentralen Backup Systemumgebung für Rheinland Pfalz und Saarland zeigt, wie stark SVA in MSP und Sicherheit unterwegs ist; parallel laufen im selben CPV Segment mehrere Verfahren, weshalb kurzfristig Kapazität und lückenlose Dokumentation gefragt sind.

Aus unserer Arbeit mit Bid Teams wissen wir, wie schnell ein übersehenes Eignungskriterium oder eine fehlende ISO 27001 Referenz ein Angebot entwertet. Bei SVA führen die MSP Leistungen und KI Projekte zu hoher Verfahrensfrequenz und komplexen Losstrukturen, die beim Querlesen leicht falsch bewertet werden.

Patterno bündelt über 4 500 Vergabeportale, liest Vergabeunterlagen in Sekunden, erkennt Fristen, Losstruktur und K o Kriterien und liefert belastbare Fundstellen für Kalkulation und Bieterfragen. Für ein IT Systemhaus bedeutet das: mehr passende Treffer früher und Go oder No Go Entscheidungen in zwei Minuten.

Lassen Sie uns zu einem 15 minütigen digitalen Kaffeetrinken treffen? Ich zeige Ihnen, wie andere Systemhäuser ihre Bid Kapazität skaliert haben.

Beste Grüße"
"Hendrik Reimann","Hendrik","Reimann","Bid Manager","Hannover, Lower Saxony, Germany","SVA System Vertrieb Alexander GmbH","sva.de","https://www.linkedin.com/in/hendrikreimann794/","Sie haben am 22.09.2026 den Zuschlag für „ex post - Erneuerung der zentralen Backup-Systemumgebung“ (Länder Rheinland-Pfalz und Saarland, jeweils vertreten durch den Landesbetrieb Daten und Information Rheinland-Pfalz (LDI)) erhalten — im selben CPV-Segment laufen aktuell weitere Verfahren.",0.85,"https://oeffentlichevergabe.de/api/notices/9a9616a1-15e6-4578-9548-4f6583c4982a?format=pdf","zuschlag_gewonnen","2026-09-22","","hendrik.reimann@sva.de","Sehr geehrter Herr Reimann,

am 22.09.2026 haben Sie den Zuschlag für die ex post Erneuerung der zentralen Backup Systemumgebung für Rheinland Pfalz und Saarland erhalten. Solche Aufträge zeigen, dass SVA im gleichen CPV Segment häufig gefragt ist und parallel weitere Verfahren laufen. Das bestätigt die Relevanz automatisierter Marktbeobachtung für Ihr Team.

Als Bid Manager kennen Sie die Fallen bei EVB IT und UfAB sowie die Bedeutung von Nachweisen wie BSI Grundschutz und ISO 27001. Das Problembild ist klar: verstreute Portale, repetitive Nachweispakete und die Abhängigkeit von wenigen Experten machen Bid Kapazität zum Engpass. Genau hier verliert ein Team Personentage und damit Chancen.

Patterno bündelt über 4.500 Vergabequellen auf einer Plattform und liest komplette Vergabeunterlagen in Sekunden. Für ein IT Systemhaus wie SVA bedeutet das weniger Sichten, schnelleres Go oder No Go und belastbare Fundstellen für Kalkulation und Bieterfragen.

Lassen Sie uns zu einem 15 minutigen digitalen Kaffeetrinken treffen? Ich zeige Ihnen, wie andere Systemhäuser diese Kapazitätslücke geschlossen haben.

Beste Grüße","Sehr geehrter Herr Reimann,

als Bid Manager bei SVA und mit Zertifizierungen in APMP und Lean Management fällt mir Ihre klare Ausrichtung auf Prozessqualität und Nachweisbarkeit sofort auf. SVA ist als führendes IT‑Systemhaus bekannt, und Ihre Doppelrolle als Projektmanager und Bid Manager zeigt, wie stark Sie Angebotsprozesse operationalisieren.

Viele Bid‑Teams in IT‑Häusern kämpfen genau dort, wo SVA hohe Standards erwartet: verstreute Portalquellen, komplexe Losstrukturen und formale K.-o.-Kriterien wie EVB‑IT oder ISO‑Nachweise führen zu Zeitverlust und vermeidbaren Ausschlüssen. Zugleich binden wiederkehrende Nachweispakete und manuelle Fristenüberwachung Kapazitäten, die in Kalkulation und Angebotsqualität fehlen.

Patterno automatisiert die Sichtung von über 4.500 Vergabequellen und analysiert Vergabeunterlagen in Sekunden inklusive Verlinkung jeder Fundstelle. Für Bid‑Manager heißt das: Go‑/No‑Go innerhalb von Minuten, konsistente Nachweispakete und weniger Aufwand pro Angebot, ohne zusätzliches Personal.

Hätten Sie 15 Minuten für ein digitales Kaffeetrinken, in dem ich zeige, wie andere IT‑Anbieter ihre Trefferquote erhöht haben?

Beste Grüße","Sehr geehrter Herr Reimann,

Haben Sie meine letzte Email erhalten? Am 22.09.2026 haben Sie den Zuschlag für die ex post Erneuerung der zentralen Backup Systemumgebung für Rheinland Pfalz und Saarland erhalten. Solche Aufträge zeigen, dass SVA im gleichen CPV Segment häufig gefragt ist und parallel weitere Verfahren laufen. Das bestätigt die Relevanz automatisierter Marktbeobachtung für Ihr Team.

Als Bid Manager kennen Sie die Fallen bei EVB IT und UfAB sowie die Bedeutung von Nachweisen wie BSI Grundschutz und ISO 27001. Verstreute Portale, repetitive Nachweispakete und Wissen, das an wenige Personen gebunden ist, machen Bid Kapazität zum Engpass und kosten Personentage.

Patterno bündelt über 4.500 Vergabequellen und liest komplette Vergabeunterlagen in Sekunden. Für ein IT Systemhaus wie SVA bedeutet das weniger Sichten, schnelleres Go oder No Go und belastbare Fundstellen für Kalkulation und Bieterfragen.

Lassen Sie uns zu einem 15 minutigen digitalen Kaffeetrinken treffen? Ich zeige Ihnen, wie andere Systemhäuser diese Kapazitätslücke geschlossen haben.

Beste Grüße"
"David Schulz","David","Schulz","Bid Manager","Hannover-Braunschweig-Göttingen-Wolfsburg Region, Germany","Controlware GmbH","controlware.de","https://www.linkedin.com/in/david-schulz-4867b5195/","Sie haben am 31.08.2026 den Zuschlag für „Deutschland – Netzwerkinfrastruktur – Rahmenvereinbarung Firewallsysteme“ (ekom21 - Kommunales Gebietsrechenzentrum Hessen) erhalten — im selben CPV-Segment laufen aktuell weitere Verfahren.",0.72,"https://ted.europa.eu/en/notice/-/detail/598038-2026","zuschlag_gewonnen","2026-08-31","+4915168839515","schulz@controlware.de","Sehr geehrter Herr Schulz,

herzlichen Glückwunsch zum Zuschlag am 31.08.2026 für die Rahmenvereinbarung Firewallsysteme mit ekom21. Ihre jüngsten Initiativen zu MDR und Vulnerability Management sowie die Partnerschaft mit Cisco und Schwarz Digits zeigen, dass Controlware die Position in der öffentlichen Hand systematisch ausbaut. Im selben CPV Segment laufen aktuell weitere Verfahren, die für Ihr Team relevant sein dürften.

Operativ ist die Herausforderung klar und häufig: verstreute Fristen auf Landesportalen und Kommunalplattformen, formale Fallen durch EVB IT Dokumente sowie wiederkehrende Nachweispakete, die Personentage binden. Für Bid Manager wie Sie entscheidet oft ein übersehenes Eignungskriterium über Erfolg oder Ausschluss.

Patterno konsolidiert über 4.500 Quellen und liefert eine tägliche Trefferliste nach CPV Profil Region und Auftragsgröße. Die KI liest Vergabeunterlagen in Sekunden erkennt K O Kriterien und verlinkt jede Fundstelle. So entsteht ein schneller Go oder No Go und mehr Kapazität für Kalkulation und Angebotsqualität.

Lassen Sie uns zu einem 15 minütigen digitalen Kaffeetrinken treffen? Ich zeige Ihnen wie andere Systemhäuser ihre Trefferquote gesteigert haben.

Beste Grüße","Sehr geehrter Herr Schulz,

Glückwunsch zu den jüngsten Controlware Meldungen: Die Einführung von MDR und Vulnerability Management Services zeigt klare Marktführerschaft im Bereich Cyber Security, und die Partnerschaft mit Cisco und Schwarz Digits unterstreicht den strategischen Fokus auf digitale Souveränität. Beides passt zu Ihrer Rolle als Bid Manager, der technische Anforderungen und Marktposition sorgfältig abwägt.

Aus Bid Sicht sind zwei Probleme besonders relevant: Verteilte Portale und komplexe Losstrukturen führen dazu, dass formale Kriteri en wie BSI Grundschutz oder Nachunternehmerregeln übersehen werden und damit Angebote unnötig aussortiert werden. Außerdem bindet das manuelle Lesen langer Vergabeunterlagen wertvolle Kapazität, die für Kalkulation und Preisstrategie fehlt.

Patterno bündelt über 4.500 Vergabequellen und liest komplette Vergabeunterlagen in Sekunden, inklusive K o Kriterien und Fundstellenverlinkung. Für Bid Teams bedeutet das weniger Screeningaufwand und mehr qualitativ geprüfte Teilnahmeentscheidungen.

Hätten Sie 15 Minuten für ein digitales Kaffeetrinken, damit ich zeige, wie andere IT Systemhäuser ihre Trefferquote erhöht haben?

Beste Grüße","Sehr geehrter Herr Schulz,

Haben Sie meine letzte Email erhalten? Herzlichen Glückwunsch zum Zuschlag am 31.08.2026 für die Rahmenvereinbarung Firewallsysteme mit ekom21 und zu den MDR‑ sowie Vulnerability‑Management‑Initiativen; die Kooperation mit Cisco und Schwarz Digits unterstreicht Ihre strategische Ausrichtung auf digitale Souveränität und stärkt Ihre Position in der öffentlichen Hand. Im selben CPV Segment laufen aktuell weitere Verfahren, die für Ihr Team relevant sein dürften.

Operativ sind die Herausforderungen meist identisch: verstreute Fristen auf Landesportalen und Kommunalplattformen, formale Fallen durch EVB IT Dokumente sowie wiederkehrende Nachweispakete, die Personentage binden. Für Bid Manager wie Sie entscheidet oft ein übersehenes Eignungskriterium über Erfolg oder Ausschluss.

Patterno konsolidiert über 4.500 Quellen und liefert eine tägliche Trefferliste nach CPV Profil, Region und Auftragsgröße. Die KI liest Vergabeunterlagen in Sekunden, erkennt K O Kriterien und verlinkt jede Fundstelle, sodass schnell ein verlässlicher Go oder No Go entsteht und Kapazität für Kalkulation und Angebotsqualität frei wird.

Lassen Sie uns zu einem 15 minütigen digitalen Kaffeetrinken treffen? Ich zeige Ihnen wie andere Systemhäuser ihre Trefferquote gesteigert haben.

Beste Grüße"
"Peter Plocher","Peter","Plocher","Team Lead Tender Management Public Sector","Dietzenbach, Hesse, Germany","Controlware GmbH","controlware.de","https://www.linkedin.com/in/peter-plocher-547ab6208/","Sie haben am 31.08.2026 den Zuschlag für „Deutschland – Netzwerkinfrastruktur – Rahmenvereinbarung Firewallsysteme“ (ekom21 - Kommunales Gebietsrechenzentrum Hessen) erhalten — im selben CPV-Segment laufen aktuell weitere Verfahren.",0.72,"https://ted.europa.eu/en/notice/-/detail/598038-2026","zuschlag_gewonnen","2026-08-31","+491714892299","peter.plocher@controlware.de","Sehr geehrter Herr Plocher,

Sie haben am 31.08.2026 den Zuschlag für Deutschland Netzwerkinfrastruktur Rahmenvereinbarung Firewallsysteme bei ekom21 erhalten. Im selben CPV Segment laufen aktuell weitere Verfahren, sodass die Angebotsfrequenz und die Prüfpflichten bei Controlware spürbar steigen dürften. Das spricht für eine strategische Priorisierung Ihrer Tender Aktivität.

Aus Erfahrung mit Bid Teams entsteht der größte Aufwand durch verstreute Quellen und formale Fallen wie EVB IT oder BSI Anforderungen. Submissionstermine und Eignungsnachweise verteilen sich über Landesportale und Kommunalplattformen, damit steigt das Risiko, dass K O Kriterien beim Querlesen übersehen werden. Wissen hängt oft an wenigen Köpfen, Urlaub oder Fluktuation werden schnell zum Prozessrisiko.

Patterno bündelt über 4.500 Vergabequellen in einer täglichen Trefferliste und liest Vergabeunterlagen volltextlich in Sekunden. Go oder No Go ist in zwei Minuten ersichtlich, jeder Befund verlinkt auf die Fundstelle. So reduzieren Sie Personentage und erhöhen die Trefferquote ohne zusätzliches Personal.

Lassen Sie uns zu einem 15 minütigen digitalen Kaffeetrinken treffen? Ich zeige Ihnen, wie andere Systemhäuser das umgesetzt haben.

Beste Grüße","Sehr geehrter Herr Plocher,

bei der Durchsicht von controlware.de und Ihrem Profil als Team Lead Tender Management Public Sector fiel mir Ihr Fokus auf öffentliche IT‑Rahmenverträge und Informationssicherheit auf. Als Verantwortlicher für Ausschreibungen im Public Sector kennen Sie die Komplexität von EVB‑IT, BSI‑Anforderungen und Mehrlosverfahren sehr genau.

Typische Stolperfallen sind in solchen Verfahren die versteckten K.-o.-Kriterien im Anhang und die verlorene Zeit durch das Querlesen zahlreicher Landes‑ und Kommunalportale. Bid‑Kapazität ist knapp und jede Stunde, die in Portalsichtung fließt, fehlt für Kalkulation und Angebotsqualität.

Patterno bündelt über 4.500 Vergabeportale, bewertet jede Bekanntmachung per KI gegen Ihr CPV‑Profil und liest Vergabeunterlagen in Sekunden inklusive Fristen, Losstruktur und Eignungsanforderungen mit Verlinkung zur Fundstelle. Das reduziert Go‑No‑Go‑Entscheidungen auf Minuten und entlastet Ihr Team spürbar bei Repeat‑Verfahren.

Lassen Sie uns zu einem 15‑minütigen digitalen Kaffeetrinken treffen? Ich zeige Ihnen, wie andere IT‑Systemhäuser ihre Trefferquote und Kapazität erhöht haben.

Beste Grüße","Sehr geehrter Herr Plocher,

Haben Sie meine letzte Email erhalten? Ihr Zuschlag für die Netzwerkinfrastruktur Rahmenvereinbarung Firewallsysteme bei ekom21 zeigt, wie stark Controlware im Public Sector aufgestellt ist und wie die Angebotsfrequenz für verwandte CPV Segmente jetzt anziehen dürfte.

Sie haben am 31.08.2026 den Zuschlag für Deutschland Netzwerkinfrastruktur Rahmenvereinbarung Firewallsysteme bei ekom21 erhalten. Im selben CPV Segment laufen aktuell weitere Verfahren, sodass die Angebotsfrequenz und die Prüfpflichten bei Controlware spürbar steigen dürften. Das spricht für eine strategische Priorisierung Ihrer Tender Aktivität.

Aus Erfahrung mit Bid Teams entsteht der größte Aufwand durch verstreute Quellen und formale Fallen wie EVB IT oder BSI Anforderungen. Submissionstermine und Eignungsnachweise verteilen sich über Landesportale und Kommunalplattformen, damit steigt das Risiko, dass K O Kriterien beim Querlesen übersehen werden.

Patterno bündelt über 4.500 Vergabequellen in einer täglichen Trefferliste und liest Vergabeunterlagen volltextlich in Sekunden. Go oder No Go ist in zwei Minuten ersichtlich, jeder Befund verlinkt auf die Fundstelle. So reduzieren Sie Personentage und erhöhen die Trefferquote ohne zusätzliches Personal.

Lassen Sie uns zu einem 15 minütigen digitalen Kaffeetrinken treffen? Ich zeige Ihnen, wie andere Systemhäuser das umgesetzt haben.

Beste Grüße"
"Kerstin Stahl","Kerstin","Stahl","Team Lead Tender Management","Erlangen, Bavaria, Germany","think about IT GmbH","think-about.it","https://www.linkedin.com/in/kerstin-stahl-5249b2a6/","Sie suchen seit 31.08.2026 eine Verstärkung im Angebotsmanagement (Tender Manager (m/w/d), Nürnberg, Standort Nürnberg, Mittelfranken) — das Verfahrensvolumen wächst offenbar schneller als das Team.",0.6,"https://www.arbeitsagentur.de/jobsuche/jobdetail/12811-2325305-S","bid_rolle_ausgeschrieben","2026-08-31","","stahl@think-about.it","Sehr geehrte Frau Stahl,

Sie suchen seit dem 31.08.2026 Verstärkung im Angebotsmanagement in Nürnberg, was darauf hindeutet, dass das Verfahrensvolumen schneller wächst als das Team. Das passt zu den Signalen, die zeigen, dass Bid Kapazität der Flaschenhals wird und qualifizierte Bid Manager rar sind. Ein konkretes Engpassbild also, das Prozessstabilität und Nachweismanagement erfordert.

Bei think about it bedeutet das vermutlich tägliche Sichtung zahlreicher Landesportale und Kommunalplattformen statt eines einzigen zentralen Feeds. EVB IT Forderungen, BSI Nachweise und Präqualifikationen können im Querlesen übersehen werden und entwerten Kalkulationen. Fristen und Nachforderungen kommen verstreut an und Wissen sitzt oft in einzelnen Köpfen.

Patterno bündelt über 4500 Quellen und liest Vergabeunterlagen volltextlich in Sekunden, liefert Go oder No Go Entscheidungen gegen Ihre Eignungskriterien und verlinkt jede Fundstelle ins Originaldokument. Für IT Systemhäuser mit hoher Verfahrensfrequenz ist Automatisierung der realistische Hebel, um Kapazität zu schaffen ohne Personal aufzublähen.

Lassen Sie uns zu einem 15minütigen digitalen Kaffeetrinken treffen? Ich zeige Ihnen, wie andere IT Teams ihre Trefferquote verbessert haben.

Beste Grüße","Sehr geehrte Frau Stahl,

auf think-about.it fällt mir Ihre Ausrichtung als IT-Systemhaus mit rund 20 Jahren Erfahrung auf, insbesondere die Schwerpunkte Beratung, IT Security und Managed Services. Das breite Leistungsportfolio sowie die deutschlandweite Betreuung sprechen dafür, dass öffentliche Ausschreibungen ein relevanter Wachstumshebel für Sie sein könnten.

Aus meiner Sicht entstehen im Tender Management zwei wiederkehrende Herausforderungen: Die Fragmentierung der Vergabequellen bindet personelle Kapazität, und formale Fallen wie EVB-IT‑Vorgaben oder fehlende ISO-/BSI‑Nachweise führen zu überraschenden Ausschlüssen. Beides verlangsamt Entscheidungsprozesse und erhöht das Risiko, passende Lose zu übersehen.

Patterno automatisiert die Sichtung von über 4.500 Vergabeportalen und liefert eine tagesaktuelle, nach CPV, Region und Auftragsgröße gefilterte Trefferliste. Die KI liest komplette Vergabeunterlagen in Sekunden, identifiziert K.-o.-Kriterien und verlinkt jeden Befund auf die Fundstelle im Originaldokument. Für Ihr Team heißt das: schneller Go‑No‑Go, weniger Routinearbeit und mehr Kapazität für Kalkulation und Angebotsqualität.

Lassen Sie uns zu einem 15-minütigen digitalen Kaffeetrinken treffen? Ich zeige Ihnen, wie andere IT-Systemhäuser mit Patterno ihre Bid‑Kapazität skaliert haben.

Beste Grüße","Sehr geehrte Frau Stahl,

Haben Sie meine letzte Email erhalten? Mir ist aufgefallen, dass think about it seit dem 31.08.2026 Verstärkung im Angebotsmanagement sucht, ein klares Zeichen für steigendes Verfahrensvolumen bei begrenzter Bid Kapazität.

Bei einem IT Systemhaus wie Ihrem bedeutet das tägliche Sichtung zahlreicher Landesportale und Kommunalplattformen statt eines zentralen Feeds. EVB IT Anforderungen, BSI Nachweise und Präqualifikationen werden beim Querlesen leicht übersehen und entwerten Kalkulationen. Fristen und Nachforderungen treffen verstreut ein und Wissen sitzt oft in einzelnen Köpfen.

Patterno bündelt über 4500 Quellen, liest Vergabeunterlagen volltextlich in Sekunden, liefert Go oder No Go Entscheidungen gegen Ihre Eignungskriterien und verlinkt jede Fundstelle ins Originaldokument. Für IT Teams mit hoher Verfahrensfrequenz ist Automatisierung der realistische Hebel, um Kapazität zu schaffen ohne zusätzliches Personal.

Lassen Sie uns zu einem 15minütigen digitalen Kaffeetrinken treffen? Ich zeige Ihnen, wie andere IT Teams ihre Trefferquote verbessert haben.

Beste Grüße"