"Full Name","First Name","Last Name","Job Title","Location","Company Name","Company Domain","LinkedIn Profile","Why Now","Match Confidence","Quell Url","Signal Type","Signal Datum","Mobile Phone","Work Email","Email_1","Email_2","Email_3"
"Victoria Roeger","Victoria","Roeger","Tender Manager","Stuttgart Region","Bechtle GmbH & Co. KG","bechtle.com","https://www.linkedin.com/in/victoria-roeger-7b9b96182/","Sie haben am 15.09.2026 den Zuschlag für „Beitritt zum Konzernrahmenvertrag des Bundesministerium des Inneren und Microsoft zur Lieferung von Lizenzen f“ (Landratsamt Heilbronn) erhalten — im selben CPV-Segment laufen aktuell weitere Verfahren.","1","https://oeffentlichevergabe.de/api/notices/15a0f95c-c850-4989-a0d5-02229c5b12c4?format=pdf","zuschlag_gewonnen","2026-09-15","+491708714316","victoria.roeger@bechtle.com","Sehr geehrte Frau Roeger,

Glückwunsch zum Zuschlag am 15.09.2026 für den Beitritt zum Konzernrahmenvertrag des Bundesministeriums des Inneren mit Microsoft zur Lieferung von Lizenzen. Im gleichen CPV Segment beobachten wir mehrere parallele Verfahren, die für Bechtle strategisch relevant sein dürften.

Als Tender Manager kennen Sie die operativen Fallen: verstreute Fristen, wechselnde Eignungsnachweise und Mehrlosvergaben, die erst im Dokument ihre Passung offenbaren. Das kostet Personentage und bindet erfahrene Kolleginnen und Kollegen, deren Wissen leicht zum Single Point of Failure werden kann.

Patterno bündelt über 4.500 Vergabeportale in einer täglichen Trefferliste und liest komplette Vergabeunterlagen in Sekunden mit Verlinkung jeder Fundstelle. Für IT Anbieter bedeutet das frühere Marktdeckung, schnelle Go No Go Entscheidungen und belastbare Nachweislisten zu BSI ISO und EVB IT Kriterien. So reduzieren Sie Screening Aufwand und schaffen Kapazität für Kalkulation und Angebotsqualität.

Lassen Sie uns zu einem 15minütigen digitalen Kaffeetrinken treffen? Ich zeige Ihnen, wie andere IT Systemhäuser ihre Bid Kapazität skaliert haben.

Beste Grüße","Sehr geehrte Frau Roeger,

ich habe gelesen, dass Bechtle die Einführung der EUDI Wallet unterstützt und den Capital Markets Day mit Schwerpunkt KI und Internationalisierung adressiert. Ihre langjährige Tätigkeit als Tender Manager bei Bechtle und die Fokussierung auf formale Anforderungen machen Sie zu einer Expertin für die Herausforderungen in IT‑Vergaben.

Aus der Praxis wissen Tender Manager, dass Zertifizierungsanforderungen, Losstrukturen und verstreute Fristen leicht übersehen werden und damit ganze Angebote disqualifiziert werden. Bei IT‑Rahmenvereinbarungen sind EVB IT Klauseln, BSI und ISO Nachweise wiederkehrende Stolperfallen.

Patterno bündelt über 4.500 Vergabeportale, liest Vergabeunterlagen in Sekunden und markiert K.O. Kriterien sowie Eignungsanforderungen mit exakter Fundstelle. Für ein IT‑Systemhaus wie Bechtle bedeutet das weniger Screeningaufwand, verlässlichere Go‑NoGo Entscheidungen und mehr Kapazität für Kalkulation und Angebotsqualität.

Lassen Sie uns zu einem 15‑minütigen digitalen Kaffeetrinken treffen? Ich zeige Ihnen, wie andere IT‑Dienstleister ihre Bid‑Kapazität skaliert haben.

Beste Grüße","Sehr geehrte Frau Roeger,

Haben Sie meine letzte Nachricht gesehen? Glückwunsch zum Zuschlag am 15.09.2026 für den Beitritt zum Konzernrahmenvertrag des Bundesministeriums des Inneren mit Microsoft zur Lieferung von Lizenzen. Im gleichen CPV Segment laufen mehrere parallele Verfahren, die für Bechtle strategisch relevant sein dürften.

Als Tender Manager kennen Sie operative Fallen wie verstreute Fristen, wechselnde Eignungsnachweise und Mehrlosvergaben, die erst im Dokument ihre Passung offenbaren. Das bindet Personentage und erzeugt Single Point of Failure durch Wissen an Einzelpersonen.

Patterno bündelt über 4.500 Vergabeportale in einer täglichen Trefferliste und liest komplette Vergabeunterlagen in Sekunden mit Verlinkung jeder Fundstelle. Für IT Anbieter bedeutet das frühere Marktdeckung, schnelle Go No Go Entscheidungen und belastbare Nachweislisten zu BSI ISO und EVB IT Kriterien. So reduzieren Sie Screening Aufwand und schaffen Kapazität für Kalkulation und Angebotsqualität.

Lassen Sie uns zu einem 15minütigen digitalen Kaffeetrinken treffen? Ich zeige Ihnen, wie andere IT Systemhäuser ihre Bid Kapazität skaliert haben.

Beste Grüße"
"Reinmar Götz","Reinmar","Götz","Bid Manager","Cologne Bonn Region","Deutsche Telekom BS GmbH","telekom.com","https://www.linkedin.com/in/reinmar-g%c3%b6tz-919a364/","Sie haben am 12.08.2026 den Zuschlag für „Deutschland – Fernsprech- und Datenübertragungsdienste – Carrierleistungen“ (Dataport AöR) erhalten — im selben CPV-Segment laufen aktuell weitere Verfahren.","0.72","https://ted.europa.eu/en/notice/-/detail/559127-2026","zuschlag_gewonnen","2026-08-12","+491712017064","reinmar.goetz@telekom.com","Sehr geehrter Herr Götz,

herzlichen Glückwunsch zum Zuschlag am 12.08.2026 für Deutschland Fernsprech und Datenübertragungsdienste bei Dataport. Ihre Arbeit an Carrierleistungen zeigt, dass Telekom sich nicht nur auf große Netzinvestitionen konzentriert, sondern auch auf operative Vergaben und auf Automatisierungsprojekte in der Logistik setzt.

Als Bid Manager kennen Sie die Fallen in EVB IT und UfAB sowie die Last wiederkehrender Nachweispakete und verstreuter Fristen. Patterno bündelt über 4.500 Vergabeportale und liest Vergabeunterlagen volltextlich in Sekunden. Go oder No Go in zwei Minuten, jeder Befund mit Fundstelle, belastbar für Bieterfragen und Kalkulation.

Das IT Segment ist fragmentiert und personalintensiv. 236 Unternehmen bestreiten drei oder mehr Verfahren pro Jahr. Automatisierung ist hier der Hebel, weil qualifizierte Bid Manager knapp sind und formale Ausschlusskriterien jeden Kalkulationsansatz entwerten können.

Lassen Sie uns zu einem 15 minütigen digitalen Kaffeetrinken treffen? Ich zeige Ihnen, wie andere IT Teams ihre Trefferquote erhöht und Personentage eingespart haben.

Beste Grüße","Sehr geehrter Herr Götz,

Ihre Veröffentlichung zur Erhöhung des Rückkaufprogramms und der Bericht zum automatisierten Verladen auf der Schiene zeigen zwei relevante Schwerpunkte: Kapitaloptimierung und operative Digitalisierung bei Deutsche Telekom BS GmbH. Solche Initiativen erhöhen Erwartung und Druck auf interne Beschaffungsprozesse und Compliance im Vergabewesen.

Als Bid Manager kennen Sie die Risiken: Versteckte Ausschlusskriterien, verstreute Fristen und das Nachweispaket, das bei jedem Verfahren neu zusammengesucht werden muss. Wenn Lose IT, Infrastruktur und Logistik mischen, entscheidet die Losstruktur oft über Go oder No Go und das erkennt man selten im Titel.

Patterno automatisiert die Sichtung von über 4.500 Vergabequellen, analysiert Vergabeunterlagen volltextbasiert in Sekunden und verlinkt jeden Befund auf die Fundstelle. Für Teams mit wiederkehrender Vergabetätigkeit reduziert das Personentage, sichert Eignungsnachweise wie ISO 27001 und BSI Grundschutz und macht Entscheidungen belastbar.

Lassen Sie uns zu einem 15 minütigen digitalen Kaffeetrinken treffen? Ich zeige Ihnen, wie andere Bid Teams ihre Trefferquote und Reaktionszeit verbessert haben.

Beste Grüße","Sehr geehrter Herr Götz,

Haben Sie meine letzte Email erhalten? Herzlichen Glückwunsch zum Zuschlag am 12.08.2026 für Deutschland Fernsprech und Datenübertragungsdienste bei Dataport und für die Publikationen zur Kapitaloptimierung und zum automatisierten Verladen auf der Schiene auf telekom.com Diese Kombination aus strategischer Kapitalverwaltung und operativer Digitalisierung verstärkt den Druck auf Beschaffung und Compliance.

Als Bid Manager kennen Sie die formalen Fallen in EVB IT und UfAB sowie die Last wiederkehrender Nachweispakete und verstreuter Fristen Wenn IT Lose mit Infrastruktur und Logistik vermischt werden, entscheidet die Losstruktur oft über Go oder No Go und das erkennt man selten am Titel Patterno bündelt über 4.500 Vergabeportale, liest Vergabeunterlagen volltextlich in Sekunden und verlinkt jeden Befund auf die Fundstelle So werden Go oder No Go belastbar und Eignungsnachweise wie ISO 27001 oder BSI Grundschutz sind sofort sichtbar

Lassen Sie uns zu einem 15 minütigen digitalen Kaffeetrinken treffen? Ich zeige Ihnen, wie andere Bid Teams ihre Trefferquote und Reaktionszeit verbessert haben

Beste Grüße"
"Christian Schönborn","Christian","Schönborn","Senior Bid Manager","Bad Soden am Taunus, Hesse, Germany","T-Systems International GmbH","t-systems.com","https://www.linkedin.com/in/christian-schönborn-0a009958/","Sie haben am 24.09.2026 den Zuschlag für „Deutschland – IT-Dienste: Beratung, Software-Entwicklung, Internet und Hilfestellung – Rahmenvereinbarung über“ (Bayerisches Staatsministerium für Digitales) erhalten — im selben CPV-Segment laufen aktuell weitere Verfahren.","0.72","https://ted.europa.eu/en/notice/-/detail/657486-2026","zuschlag_gewonnen","2026-09-24","+491738428420","christian.schoenborn@t-systems.com","Sehr geehrter Herr Schönborn,

herzlichen Glückwunsch zum Zuschlag für die Rahmenvereinbarung des Bayerischen Staatsministeriums für Digitales am 24.09.2026. Dass T Systems dort den Auftrag erhalten hat und gleichzeitig weitere Verfahren im selben CPV Segment laufen, zeigt das Momentum in Ihrem Bereich und erzeugt unmittelbar höheren Prüfungsaufwand für Ihr Bid Team.

Aus Ihrer Rolle als Senior Bid Manager kennen Sie die typischen Fallen: EVB IT Klauseln, BSI Nachweise und verstreute Fristen über Landesportale und Kommunalplattformen führen zu Zeitverlust und teuren Fehlentscheidungen. Gerade bei Mehrlosverfahren entscheidet die genaue Losstruktur über Go oder No Go und diese Information steht selten im Titel.

Patterno bündelt über 4500 Quellen und liest Vergabeunterlagen in Sekunden, erkennt K O Kriterien, Eignungsanforderungen und verlinkt jede Fundstelle. Das reduziert Personentage, schützt Kalkulationen und macht Go No Go Entscheidungen reproduzierbar, ohne zusätzliche Köpfe einstellen zu müssen.

Lassen Sie uns zu einem 15 Minuten digitalen Kaffeetrinken treffen? Ich zeige Ihnen, wie andere IT Systemhäuser ihre Trefferquote gesteigert haben.

Beste Grüße","Sehr geehrter Herr Schönborn,

Glückwunsch zu den jüngsten Partnerschaften und dem T Cloud‑Vertrag mit Volkswagen. Die Kooperationen mit SupplyOn und Palo Alto unterstreichen, dass T‑Systems souveräne AI‑ und Sicherheitsangebote als strategische Wachstumsfelder vorantreibt.

Als Senior Bid Manager kennen Sie die Painpoints: Die Quellenlage ist fragmentiert und Bid‑Kapazität begrenzt, sodass passende Verfahren oft zu spät oder gar nicht erkannt werden. Formale Fallen wie EVB‑IT‑Anforderungen oder fehlende Eignungsnachweise können eine komplette Kalkulation entwerten.

Patterno bündelt über 4.500 Vergabeportale in einer täglichen, KI‑geprüften Trefferliste und liest Vergabeunterlagen von 100 Seiten in rund 30 Sekunden inklusive Fristen, Losstruktur und K.O.‑Kriterien. Für Ihr Team bedeutet das: Go‑/No‑Go‑Entscheidungen in Minuten statt Stunden und mehr Kapazität für Kalkulation und Angebotsqualität.

Lassen Sie uns zu einem 15‑minütigen digitalen Kaffeetrinken treffen? Ich zeige Ihnen, wie andere IT‑Systemhäuser ihre Trefferquote und Durchlaufzeit verbessert haben.

Beste Grüße","Sehr geehrter Herr Schönborn,

Haben Sie meine letzte Email erhalten? Herzlichen Glückwunsch zum Zuschlag für die Rahmenvereinbarung des Bayerischen Staatsministeriums für Digitales am 24.09.2026. Dass T Systems dort den Auftrag erhalten hat und gleichzeitig weitere Verfahren im selben CPV Segment laufen, zeigt das Momentum in Ihrem Bereich und erzeugt unmittelbar höheren Prüfungsaufwand für Ihr Bid Team.

Aus Ihrer Rolle als Senior Bid Manager kennen Sie die typischen Fallen: EVB IT Klauseln, BSI Nachweise und verstreute Fristen über Landesportale und Kommunalplattformen führen zu Zeitverlust und teuren Fehlentscheidungen. Gerade bei Mehrlosverfahren entscheidet die genaue Losstruktur über Go oder No Go und diese Information steht selten im Titel.

Patterno bündelt über 4500 Quellen und liest Vergabeunterlagen in Sekunden, erkennt K O Kriterien, Eignungsanforderungen und verlinkt jede Fundstelle. Das reduziert Personentage, schützt Kalkulationen und macht Go No Go Entscheidungen reproduzierbar, ohne zusätzliche Köpfe einstellen zu müssen.

Lassen Sie uns zu einem 15 Minuten digitalen Kaffeetrinken treffen? Ich zeige Ihnen, wie andere IT Systemhäuser ihre Trefferquote gesteigert haben.

Beste Grüße"
"Katharina Zickler","Katharina","Zickler","Angebotsmanager","Frankfurt/Rhein-Main","T-Systems International GmbH","t-systems.com","https://www.linkedin.com/in/katharina-zickler-578482b1/","Sie haben am 24.09.2026 den Zuschlag für „Deutschland – IT-Dienste: Beratung, Software-Entwicklung, Internet und Hilfestellung – Rahmenvereinbarung über“ (Bayerisches Staatsministerium für Digitales) erhalten — im selben CPV-Segment laufen aktuell weitere Verfahren.","0.72","https://ted.europa.eu/en/notice/-/detail/657486-2026","zuschlag_gewonnen","2026-09-24","+4915169922680","katharina.zickler@t-systems.com","Sehr geehrte Frau Zickler,

herzlichen Glückwunsch zum Zuschlag am 24.09.2026 für die Rahmenvereinbarung des Bayerischen Staatsministeriums für Digitales. Ein solcher Erfolg im CPV Segment IT Dienste zeigt, dass T Systems sich in der öffentlichen Beschaffung sehr gut positioniert hat und gleichzeitig weiter viele gleichartige Verfahren zu bearbeiten hat.

Aus Ihrer Erfahrung als Angebotsmanagerin wissen Sie genau, wie schnell formale Fallen wie EVB IT Anhänge oder fehlende Eignungsnachweise eine Kalkulation entwerten. Verteilter Fristenverkehr über Landesportale und die fehlende Kapazität qualifizierter Bid Manager kosten bei T Systems leicht mehrere Personentage pro Verfahren.

Patterno bündelt über 4 500 Vergabeportale und liest Vergabeunterlagen volltextbasiert in Sekunden. Die KI markiert K O Kriterien Eignungsanforderungen und Losstruktur mit Fundstellen, so dass Sie Go oder No Go in wenigen Minuten entscheiden können. Das erhöht Trefferquote und spart Angebotskapazität ohne zusätzliche Köpfe.

Lassen Sie uns zu einem 15 minütigen digitalen Kaffeetrinken treffen Ich zeige Ihnen, wie andere IT Systemhäuser ihre Bid Kapazität erhöht haben

Beste Grüße","Sehr geehrte Frau Zickler,

herzlichen Glückwunsch zur neuen Rolle als Angebotsmanagerin bei T-Systems International. Ihr Hintergrund als CF APMP Bid Manager und die nachgewiesene Erfahrung in der Analyse umfangreicher Vergabeunterlagen deuten darauf hin, dass Sie Prozesse und Compliance konsequent priorisieren.

Vermutlich kennen Sie die wiederkehrenden Probleme: verstreute Fristen über zahlreiche Portale und die Gefahr, formale Ausschlusskriterien im Anhang zu übersehen. Außerdem binden sich bei Mehrlosverfahren oft fachfremde Lose, deren Passung sich erst nach intensivem Dokumentenstudium klärt.

Patterno bündelt über 4.500 Vergabequellen, liest komplette Vergabeunterlagen in Sekunden und verlinkt jede Feststellung zur Fundstelle im Originaldokument. Für ein IT-Systemhaus wie T-Systems reduziert das die Zeit für Go‑/No‑Go‑Entscheidungen drastisch und entlastet knappe Bid‑Kapazitäten, ohne zusätzliche Köpfe einstellen zu müssen.

Lassen Sie uns zu einem 15-minütigen digitalen Kaffeetrinken treffen? Ich zeige Ihnen, wie andere Angebotsmanager mit Patterno tägliche Trefferlisten und automatisierte Dokumentenanalysen nutzen.

Beste Grüße","Sehr geehrte Frau Zickler,

Haben Sie meine letzte Email erhalten? Herzlichen Glückwunsch zum Zuschlag am 24.09.2026 für die Rahmenvereinbarung des Bayerischen Staatsministeriums für Digitales. Ein solcher Erfolg im CPV‑Segment IT‑Dienste zeigt, dass T‑Systems sich in der öffentlichen Beschaffung sehr gut positioniert hat und gleichzeitig viele gleichartige Verfahren zu bearbeiten hat.

Aus Ihrer Erfahrung als Angebotsmanagerin wissen Sie, wie schnell formale Fallen wie EVB‑IT‑Anhänge oder fehlende Eignungsnachweise eine Kalkulation entwerten. Verteilter Fristenverkehr über Landesportale und die fehlende Kapazität qualifizierter Bid Manager kosten bei T‑Systems leicht mehrere Personentage pro Verfahren.

Patterno bündelt über 4 500 Vergabeportale und liest Vergabeunterlagen volltextbasiert in Sekunden. Die KI markiert K‑O‑Kriterien, Eignungsanforderungen und Losstruktur mit Fundstellen, so dass Sie Go oder No‑Go in wenigen Minuten entscheiden können. Das erhöht die Trefferquote und spart Angebotskapazität ohne zusätzliche Köpfe.

Lassen Sie uns zu einem 15 minütigen digitalen Kaffeetrinken treffen Ich zeige Ihnen, wie andere IT‑Systemhäuser ihre Bid‑Kapazität erhöht haben

Beste Grüße"
"Marco Keuter","Marco","Keuter","Bid Manager / Pricing Manager","Erdmannhausen, Baden-Württemberg, Deutschland","T-Systems International GmbH","t-systems.com","https://www.linkedin.com/in/marco-keuter-2a1197229/","Sie haben am 24.09.2026 den Zuschlag für „Deutschland – IT-Dienste: Beratung, Software-Entwicklung, Internet und Hilfestellung – Rahmenvereinbarung über“ (Bayerisches Staatsministerium für Digitales) erhalten — im selben CPV-Segment laufen aktuell weitere Verfahren.","0.72","https://ted.europa.eu/en/notice/-/detail/657486-2026","zuschlag_gewonnen","2026-09-24","+491703490142","marco.keuter@t-systems.com","Sehr geehrter Herr Keuter,

Glückwunsch zum Zuschlag vom 24.09.2026 für die Rahmenvereinbarung des Bayerischen Staatsministeriums für Digitales. Auffällig sind bei T Systems die Konsolidierung unter T Cloud und die Health Hybrid Cloud Initiative, beides Signale dafür, dass Sie Kapazität und Compliance parallel skalieren müssen.

Als Bid Manager kennen Sie die Fallstricke: verstreute Landesportale, EVB IT Fallen und immer wieder neu geforderte Eignungsnachweise wie ISO 27001 oder BSI Grundschutz. Genau dort verliert Ihr Team Personentage und strategische Schlagkraft.

Patterno bündelt über 4500 Vergabequellen in einer täglichen Trefferliste und liest komplette Vergabeunterlagen in Sekunden. Die KI prüft Go oder No Go gegen Ihre Eignungskriterien und liefert jede Fundstelle belastbar für Kalkulation und Bieterfragen. Für ein IT Haus mit hoher Verfahrensfrequenz heißt das: mehr passende Chancen, weniger Blindzeit und reale Entlastung Ihrer Pricing und Bid Kapazität.

Lassen Sie uns zu einem 15 minütigen digitalen Kaffeetrinken treffen? Ich zeige Ihnen, wie andere Systemhäuser die Effizienz gesteigert haben.

Beste Grüße","Sehr geehrter Herr Keuter,

Glückwunsch zur strategischen Bündelung unter T Cloud und zur Health Hybrid Cloud Initiative. Die erweiterte Broadcom VMware Partnerschaft zeigt, dass T Systems seine Cloudlandkarte konsequent professionalisiert und Marktanteile systematisch ausbaut.

Als Bid Manager bei T Systems kennen Sie die Realität: Vergaben verteilen sich über Hunderte von Portalen und formale Fallen wie EVB IT oder ISO Anforderungen disqualifizieren Angebote beim Querlesen. Gleichzeitig bindet die steigende Verfahrensfrequenz wertvolle Kapazität Ihres Pricing und Ihrer Price to Win Kalkulation.

Patterno automatisiert genau diese Arbeitsschritte. Unsere KI filtert Treffer aus 4.500 Portalen nach CPV Profil, liest Vergabeunterlagen in Sekunden und markiert K o Kriterien, Losstruktur und Fristen mit direktem Link zur Fundstelle. Im Produktmix finden Sie Patterno HIT für Marktabdeckung und Patterno BID für die schnelle Erstellung von Eigenerklärungen und Kalkulationsvorlagen.

Lassen Sie uns zu einem 15 minütigen digitalen Kaffeetrinken treffen? Ich zeige Ihnen, wie andere IT Systemhäuser ihre Bid Kapazität verdreifacht und Ausschlussrisiken minimiert haben.

Beste Grüße","Sehr geehrter Herr Keuter,

Haben Sie meine letzte Email erhalten? Glückwunsch zum Zuschlag vom 24.09.2026 für die Rahmenvereinbarung des Bayerischen Staatsministeriums für Digitales. Auffällig sind bei T Systems die Konsolidierung unter T Cloud und die Health Hybrid Cloud Initiative, beides Signale dafür, dass Sie Kapazität und Compliance parallel skalieren müssen.

Als Bid Manager kennen Sie die Fallstricke: verstreute Landesportale, EVB IT Fallen und immer wieder neu geforderte Eignungsnachweise wie ISO 27001 oder BSI Grundschutz. Genau dort verliert Ihr Team Personentage und strategische Schlagkraft.

Patterno bündelt über 4500 Vergabequellen in einer täglichen Trefferliste und liest komplette Vergabeunterlagen in Sekunden. Die KI prüft Go oder No Go gegen Ihre Eignungskriterien und liefert jede Fundstelle belastbar für Kalkulation und Bieterfragen. Für ein IT Haus mit hoher Verfahrensfrequenz heißt das: mehr passende Chancen, weniger Blindzeit und reale Entlastung Ihrer Pricing und Bid Kapazität.

Lassen Sie uns zu einem 15 minutigen digitalen Kaffeetrinken treffen? Ich zeige Ihnen, wie andere Systemhäuser die Effizienz gesteigert haben.

Beste Grüße"
"Sebastian Schnall","Sebastian","Schnall","BID Manager","Sinsheim, Baden-Württemberg, Germany","CANCOM Public GmbH","cancom.de","https://www.linkedin.com/in/sebastianschnall/","Sie haben am 23.09.2026 den Zuschlag für „APC für Einsatzleitstellen der BPOL“ (Bundesrepublik Deutschland, vertreten durch das Bundesministerium des Innern, vertreten durch das Beschaffungsamt des BMI) erhalten — im selben CPV-Segment laufen aktuell weitere Verfahren.","0.85","https://oeffentlichevergabe.de/api/notices/a6f6366b-6f73-4584-8d2b-e73cfa5ab1d3?format=pdf","zuschlag_gewonnen","2026-09-23","+491774855385","sebastian.schnall@cancom.de","Sehr geehrter Herr Schnall,

herzlichen Glückwunsch zum Zuschlag am 23.09.2026 für APC für Einsatzleitstellen der BPOL. Dass CANCOM diesen Auftrag im gleichen CPV Segment gewinnt, bestätigt Ihre operative Stärke und erklärt, warum dort aktuell weitere Verfahren laufen. Ihre Rolle als Bid Manager bei CANCOM und die aktuelle Expansion Ihrer Servicekapazitäten geben dem Thema Angebotssteuerung zusätzlichen Druck.

Operativ entstehen genau die Probleme, die wir bei IT Systemhäusern beobachten: verstreute Fristen auf vielen Portalen, wiederkehrende Nachweispakete und formale Fallen durch EVB IT und UfAB. Patterno bündelt über 4.500 Quellen und prüft Vergabeunterlagen im Volltext in Sekunden gegen Ihre Eignungskriterien. Jeder Befund kommt mit Fundstelle, Frist und klarer Go oder No Go Einschätzung.

Für CANCOM bedeutet das mehr Treffer bei weniger Personentagen und weniger Risiko durch Wissensverlust einzelner Mitarbeiter. Lassen Sie uns zu einem 15 minütigen digitalen Kaffeetrinken treffen? Ich zeige Ihnen, wie andere IT Teams ihre Bid Kapazität skaliert haben.

Beste Grüße","Sehr geehrter Herr Schnall,

die jüngsten CANCOM‑Publikationen wie der Cyber Security Report 2026 und die Präsentation der FlexPod AI Referenzarchitektur zeigen eine klare Priorisierung von souveräner KI‑Infrastruktur und Cyber‑Resilienz. Ebenso signalisiert die Eröffnung der Service Factory in Norderstedt sowie die Partnerschaft mit ServiceNow Wachstum in Servicekapazität und automatisierten Betriebsprozessen.

Für Bid Management bei CANCOM bedeutet das konkret: Mehr Rahmenvergaben und KI‑Projekte erhöhen die Anzahl komplexer LOS‑Strukturen und formaler Eignungskriterien, die beim Querlesen leicht übersehen werden. Gleichzeitig verschärft die Frequenz an Ausschreibungen den Engpass an qualifizierten Bid‑Ressourcen.

Patterno bündelt über 4.500 Vergabeportale und liest Vergabeunterlagen in Sekunden, erkennt EVB‑IT‑Fallen, BSI‑/ISO‑Anforderungen und markiert K.O.‑Kriterien mit Fundstelle. So erhalten Ihre Bid‑Teams täglich gefilterte Treffer und eine verlässliche Go/No‑Go‑Entscheidung, ohne zusätzliche Personaltage zu binden.

Lassen Sie uns zu einem 15‑minütigen digitalen Kaffeetrinken treffen? Ich zeige Ihnen, wie andere IT‑Systemhäuser ihre Angebotskapazität ohne zusätzliche Einstellungen skaliert haben.

Beste Grüße","Sehr geehrter Herr Schnall,

Haben Sie meine letzte Email erhalten? Herzlichen Glückwunsch zum Zuschlag am 23.09.2026 für APC für Einsatzleitstellen der BPOL. Dass CANCOM diesen Auftrag im gleichen CPV Segment gewinnt, bestätigt Ihre operative Stärke und erklärt, warum dort aktuell weitere Verfahren laufen. Ihre Rolle als Bid Manager bei CANCOM und die Expansion der Servicekapazitäten erhöhen den Druck auf Angebotssteuerung und Fristenmanagement.

Operativ entstehen genau die Probleme, die wir bei IT Systemhäusern sehen: verstreute Fristen auf vielen Portalen, wiederkehrende Nachweispakete und formale Fallen durch EVB IT und UfAB. Patterno bündelt über 4.500 Quellen und prüft Vergabeunterlagen im Volltext in Sekunden gegen Ihre Eignungskriterien. Jeder Befund kommt mit Fundstelle, Frist und klarer Go oder No Go Einschätzung.

Für CANCOM heißt das: mehr Treffer bei weniger Personentagen und geringeres Risiko durch Wissensverlust einzelner Mitarbeiter. Lassen Sie uns zu einem 15 minütigen digitalen Kaffeetrinken treffen? Ich zeige Ihnen, wie andere IT Teams ihre Bid Kapazität skaliert haben.

Beste Grüße"
"Sven Lawitschka","Sven","Lawitschka","Senior Bid Manager","Dresden, Saxony, Germany","CANCOM Public GmbH","cancom.de","https://www.linkedin.com/in/sven-lawitschka-07372b131/","Sie haben am 23.09.2026 den Zuschlag für „APC für Einsatzleitstellen der BPOL“ (Bundesrepublik Deutschland, vertreten durch das Bundesministerium des Innern, vertreten durch das Beschaffungsamt des BMI) erhalten — im selben CPV-Segment laufen aktuell weitere Verfahren.","0.85","https://oeffentlichevergabe.de/api/notices/a6f6366b-6f73-4584-8d2b-e73cfa5ab1d3?format=pdf","zuschlag_gewonnen","2026-09-23","+491751945246","sven.lawitschka@cancom.de","Sehr geehrter Herr Lawitschka,

herzlichen Glückwunsch zum Zuschlag am 23.09.2026 für APC für Einsatzleitstellen der BPOL. Die Kombination aus Ihrer Expertise im Angebotsmanagement und CANCOMs jüngster Ausweitung auf KI und Managed Services macht Sie in diesem CPV Segment besonders sichtbar.

Aus Sicht eines Senior Bid Managers sind die bekannten Fallstricke relevant: verstreute Fristen über Landesportale, formale Ausschlusskriterien wie BSI Grundschutz oder ISO 27001 und die Mehrlosstruktur, die Passung erst im Dokument klärt. Jeder übersehene Nachweis kann eine Kalkulation entwerten und kostet wertvolle Personentage.

Patterno bündelt über 4.500 Quellen und prüft Vergabeunterlagen automatisiert in Sekunden gegen Ihre Eignungskriterien. Das Ergebnis ist eine fokussierte Trefferliste statt unstrukturierter Portalsichtung und klare Fundstellen für Bieterfragen und Kalkulationen. Für ein IT Systemhaus mit hoher Verfahrensfrequenz reduziert das die Abhängigkeit von Einzelpersonen und erhöht fristgerechte Entscheidungen.

Lassen Sie uns zu einem 15 minütigen digitalen Kaffeetrinken treffen Ich zeige Ihnen, wie andere Teams ihre Bid Kapazität skaliert haben

Beste Grüße","Sehr geehrter Herr Lawitschka,

Ihre jüngste Präsentation zur FlexPod AI Lösung und die Eröffnung der Service Factory in Norderstedt zeigen, dass CANCOM massiv in skalierbare KI‑Services und lokale Managed‑Services investiert. Die gemeinsame Studie mit ServiceNow unterstreicht zudem Ihre Fokussierung auf produktive KI‑Einsätze im Mittelstand.

Als Senior Bid Manager kennen Sie die Realität: Versteckte K.O. Kriterien oder verstreute Fristen können hochwertige IT‑Angebote in Minuten disqualifizieren. Gleichzeitig bindet die wiederkehrende Zusammenstellung von Nachweispaketen Zeit, die für Kalkulation und Preisstrategie fehlt.

Patterno bündelt über 4.500 Vergabeportale, liest komplette Vergabeunterlagen in Sekunden und liefert Go oder No Go mit verlinkten Fundstellen. Für CANCOM Public bedeutet das eine sofortige Transparenz über passgenaue IT‑Lose, geringeres Ausschlussrisiko durch formale Fallen und mehr Kapazität für strategische Preisentscheidungen.

Lassen Sie uns zu einem 15minütigen digitalen Kaffeetrinken treffen? Ich zeige Ihnen, wie andere IT‑Systemhäuser mit Patterno repetitivere Verfahren ohne zusätzlichen Personalaufwand gewinnen.

Beste Grüße","Sehr geehrter Herr Lawitschka,

Haben Sie meine letzte Email erhalten? Ihr Zuschlag am 23.09.2026 für APC für Einsatzleitstellen der BPOL zeigt, wie präzise Ihr Angebotsmanagement funktioniert und wie gut CANCOMs Ausbau im KI und Managed Services Bereich dazu passt.

Als Senior Bid Manager kennen Sie die typischen Fallstricke: verstreute Fristen über Landesportale, formale Ausschlusskriterien wie BSI Grundschutz oder ISO 27001 und Mehrlosstrukturen, deren Passung oft erst im Dokument erkennbar wird. Jeder übersehene Nachweis kann Kalkulationen entwerten und viele Personentage kosten.

Patterno bündelt über 4.500 Quellen, liest Vergabeunterlagen in Sekunden und liefert Go oder No Go mit verlinkten Fundstellen. Für ein IT Systemhaus mit hoher Verfahrensfrequenz bedeutet das weniger Abhängigkeit von Einzelpersonen, weniger Ausschlussrisiken durch formale Fallen und mehr Kapazität für strategische Preisentscheidungen.

Lassen Sie uns zu einem 15minütigen digitalen Kaffeetrinken treffen? Ich zeige Ihnen, wie andere Teams ihre Bid Kapazität skaliert haben

Beste Grüße"
"Tim Blondel","Tim","Blondel","Bid Manager","Frankfurt Rhine-Main Metropolitan Area","CANCOM Public GmbH","cancom.de","https://www.linkedin.com/in/tim-blondel-8704a9193/","Sie haben am 23.09.2026 den Zuschlag für „APC für Einsatzleitstellen der BPOL“ (Bundesrepublik Deutschland, vertreten durch das Bundesministerium des Innern, vertreten durch das Beschaffungsamt des BMI) erhalten — im selben CPV-Segment laufen aktuell weitere Verfahren.","0.85","https://oeffentlichevergabe.de/api/notices/a6f6366b-6f73-4584-8d2b-e73cfa5ab1d3?format=pdf","zuschlag_gewonnen","2026-09-23","+4917065311398","tim.blondel@cancom.de","Sehr geehrter Herr Blondel,

Ihre Leitung des Bid Managements bei CANCOM passt gut zu den jüngsten Meldungen im Newsroom etwa zur Studie mit ServiceNow und dem Cyber Security Report 2026. Der Zuschlag am 23.09.2026 für APC für Einsatzleitstellen der BPOL zeigt zudem, dass Sie in genau jenem CPV Segment aktiv sind, in dem gerade mehrere Verfahren laufen.

Aus Sicht operativer Angebotsbearbeitung treffen bei Ihnen klassische Engpässe aufeinander: verstreute Fristen über viele Portale, immer wieder neu zu bündelnde Nachweispakete und das Risiko, dass formale Eignungskriterien übersehen werden und Angebote damit aussortiert werden.

Patterno bündelt über 4.500 Quellen in einem Posteingang, filtert nach CPV Profil Region und Auftragswert und liest komplette Vergabeunterlagen in Sekunden. Das Ergebnis ist eine schnelle Go oder No Go Einschätzung mit direktem Verweis auf die Fundstelle und automatisch erstellten Nachweisdokumenten. Für ein IT Systemhaus wie CANCOM reduziert das Personentage und erhöht die Angebotsfrequenz ohne zusätzliches Personal.

Lassen Sie uns zu einem 15 minütigen digitalen Kaffeetrinken treffen? Ich zeige Ihnen, wie andere IT Systemhäuser davon profitieren.

Beste Grüße","Sehr geehrter Herr Blondel,

Ihre Studien zu KI im Mittelstand und der CANCOM Cyber Security Report 2026 zeigen eine klare Schwerpunktsetzung auf AI und Sicherheitsfragen. Die Erkenntnis, dass Integration, Sicherheit und Governance die Skalierung bremsen, ist unmittelbar relevant für Bid Management in öffentlichen Verfahren.

Bid‑Teams stehen genau dort unter Druck: verstreute Portale, formale Fallen wie EVB‑IT und fehlende Kapazität führen dazu, dass Ausschlusskriterien oder Losstrukturen im Dokument übersehen werden. Für CANCOM als IT‑Systemhaus bedeutet das: Zeitintensive Sichtung bindet Kapazität, die in Kalkulation und Angebotsqualität fehlt.

Patterno bündelt über 4.500 Vergabeportale, bewertet jede Ausschreibung KI‑gestützt gegen Ihr Profil und liest Vergabeunterlagen in Sekunden, inklusive Erkennung von Fristen, Eignungskriterien und Losstruktur. Das Ergebnis ist eine tägliche Trefferliste mit klaren Go oder No Go Aussagen und verlinkten Fundstellen, so dass Ihre Bid Manager weniger Zeit mit Recherche und mehr Zeit mit Strategie verbringen.

Lassen Sie uns zu einem 15‑minütigen digitalen Kaffeetrinken treffen? Ich zeige Ihnen, wie andere IT‑Dienstleister ihre Trefferquote und Effizienz gesteigert haben.

Beste Grüße","Sehr geehrter Herr Blondel,

Haben Sie meine letzte Email erhalten? Ihre Leitung des Bid Managements bei CANCOM passt gut zu den jüngsten Meldungen im Newsroom zur Studie mit ServiceNow und dem Cyber Security Report 2026; das Thema Integration, Sicherheit und Governance trifft genau die Herausforderung, die Sie als Bid Manager tagtäglich lösen müssen.

Operativ sehe ich bei IT Systemhäusern wie CANCOM typische Engpässe: verstreute Fristen über viele Portale, immer neu zu bündelnde Nachweispakete und das Risiko, dass formale Eignungskriterien übersehen werden. Patterno bündelt über 4.500 Quellen in einem Posteingang, filtert nach CPV Profil, Region und Auftragswert und liest komplette Vergabeunterlagen in Sekunden. Die KI liefert eine schnelle Go oder No Go Einschätzung mit direktem Verweis auf die Fundstelle und erstellt automatisch Nachweisdokumente.

Lassen Sie uns zu einem 15 minütigen digitalen Kaffeetrinken treffen? Ich zeige Ihnen, wie andere IT Systemhäuser ihre Trefferquote und Effizienz gesteigert haben.

Beste Grüße"
"Dejvi Mero","Dejvi","Mero","Bid Manager","Frankfurt, Hesse, Germany","adesso SE","adesso.de","https://www.linkedin.com/in/dejvi-mero/","Sie haben am 16.09.2026 den Zuschlag für „Migration von ARD-Dashboards in Power BI Modul 13“ (Rundfunk Berlin-Brandenburg) erhalten — im selben CPV-Segment laufen aktuell weitere Verfahren.","0.85","https://oeffentlichevergabe.de/api/notices/2fbce19e-8406-42b5-9a31-021c37f0693e?format=pdf","zuschlag_gewonnen","2026-09-16","+4917664301502","dejvi.mero@adesso.de","Sehr geehrter Herr Mero,

Glückwunsch zum Zuschlag für die Migration der ARD Dashboards in Power BI am 16.09.2026. Die Kombination aus Ihrem Fokus auf Datenqualität und den jüngsten Cloud Investitionen bei adesso macht Sie genau zu dem Team, das komplexe Dashboardmigrationen sicher umsetzt.

Als Bid Manager kennen Sie die täglichen Fallen: verstreute Fristen auf Landesportalen, wechselnde Eignungsnachweise wie BSI Grundschutz oder ISO 27001 und viel Zeitverlust beim Zusammenstellen von Nachweispaketen. Bei steigender Verfahrensanzahl wird Bid Kapazität schnell zum Engpass.

Patterno bündelt über 4.500 Quellen und liest Vergabeunterlagen im Volltext in Sekunden. Die KI prüft K o Kriterien gegen Ihr Profil, liefert jeden Fund mit Fundstelle und reduziert die Sondierzeit auf Minuten. Für Teams mit wiederkehrenden IT Verfahren bedeutet das mehr passende Teilnahmen bei konstanten Personalressourcen.

Lassen Sie uns zu einem 15 minütigen digitalen Kaffeetrinken treffen? Ich zeige Ihnen kurz, wie andere IT Systemhäuser ihre Trefferquote erhöht haben.

Beste Grüße","Sehr geehrter Herr Mero,

herzlichen Glückwunsch zur AWS Premier Tier Partnerschaft von adesso und zum Großauftrag mit der Deutschen Bundesbank. Ihre Rolle als Bid Manager für Data & AI passt offensichtlich zu dieser strategischen Cloud‑Ausrichtung und zeigt, dass Sie Skalierung und Compliance gleichzeitig managen müssen.

Aus Bid‑Sicht kennen Sie die typischen Fallen: verstreute Fristen auf vielen Portalen und formale Ausschlussgründe wie fehlende Eignungsnachweise können hochwertige Angebote schnell disqualifizieren. Ebenso kostet das wiederholte Zusammenstellen von Nachweispaketen täglich Zeit in Ihrem Team.

Patterno bündelt über 4.500 Vergabeportale und liest Vergabeunterlagen in Sekunden. Für ein IT‑Systemhaus wie adesso liefert das eine gefilterte Tagesliste, verlinkte Fundstellen zu K.O.‑Kriterien und automatisierte Eigenerklärungen, sodass Ihre Bid‑Kapazität effektiver genutzt wird und Sie weniger Fälle übersehen.

Lassen Sie uns zu einem 15‑minütigen digitalen Kaffeetrinken treffen? Ich zeige Ihnen, wie andere IT‑Teams mit Patterno Ausschlussrisiken reduzieren und die Angebotsfrequenz steigern.

Beste Grüße","Sehr geehrter Herr Mero,

Haben Sie meine letzte Mail erhalten? Glückwunsch zum Zuschlag für die Migration der ARD Dashboards in Power BI am 16.09.2026. Die Kombination aus Ihrem Fokus auf Datenqualität und den jüngsten Cloud Investitionen bei adesso macht Sie genau zu dem Team, das komplexe Dashboardmigrationen sicher umsetzt.

Als Bid Manager kennen Sie die täglichen Fallen: verstreute Fristen auf Landesportalen, wechselnde Eignungsnachweise wie BSI Grundschutz oder ISO 27001 und viel Zeitverlust beim Zusammenstellen von Nachweispaketen. Bei steigender Verfahrensanzahl wird Bid Kapazität schnell zum Engpass.

Patterno bündelt über 4.500 Quellen und liest Vergabeunterlagen im Volltext in Sekunden. Die KI prüft K.O. Kriterien gegen Ihr Profil, liefert jeden Fund mit Fundstelle und reduziert die Sondierzeit auf Minuten. Für Teams mit wiederkehrenden IT Verfahren bedeutet das mehr passende Teilnahmen bei konstanten Personalressourcen.

Lassen Sie uns zu einem 15 Minuten digitalen Kaffeetrinken treffen? Ich zeige Ihnen kurz, wie andere IT Systemhäuser ihre Trefferquote erhöht haben.

Beste Grüße"
"Stephan Kohnen","Stephan","Kohnen","Senior Proposal Manager International","Berlin, Germany","adesso SE","adesso.de","https://www.linkedin.com/in/stephan-kohnen-58730133a/","Sie haben am 16.09.2026 den Zuschlag für „Migration von ARD-Dashboards in Power BI Modul 13“ (Rundfunk Berlin-Brandenburg) erhalten — im selben CPV-Segment laufen aktuell weitere Verfahren.","0.85","https://oeffentlichevergabe.de/api/notices/2fbce19e-8406-42b5-9a31-021c37f0693e?format=pdf","zuschlag_gewonnen","2026-09-16","+49 491 622808510","stephan.kohnen@adesso.de","Sehr geehrter Herr Kohnen,

Ihre Arbeit als Senior Proposal Manager International bei adesso SE und die jüngsten Partnerschaften zur Stärkung von Cloud und KI sind auffällig. Der Zuschlag für die Migration von ARD Dashboards in Power BI Modul 13 zeigt, dass Sie operative Kapazitäten für komplexe IT Vergaben erfolgreich mobilisieren.

Ich vermute, Sie kennen die typischen Fallen: EVB IT Klauseln, BSI oder ISO Anforderungen und verstreute Fristen auf Landesportalen, die ein Angebot schnell entwerten. Gerade bei Sammelvergaben entscheidet die Losstruktur über Go oder NoGo und kostet sonst viele Personentage.

Patterno bündelt über 4.500 Quellen und liest Vergabeunterlagen im Volltext in Sekunden. Die KI markiert K O Kriterien, Eignungsnachweise und Fristen mit Fundstelle, sodass Ihr Team in zwei Minuten entscheiden kann welche Verfahren lohnen. Bei Wiederholvergabeprozessen ist Automatisierung der Hebel zur Skalierung ohne zusätzliches Bid Personal.

Lassen Sie uns zu einem 15 minütigen digitalen Kaffeetrinken treffen? Ich zeige Ihnen, wie andere IT Systemhäuser ihre Bid Kapazität verdichtet haben.

Beste Grüße","Sehr geehrter Herr Kohnen,

herzlichen Glückwunsch zum Ausbau der Cloud- und AI-Partnerschaften bei adesso, insbesondere zum AWS Premier Tier und zur erweiterten Kooperation mit RWE. Solche Strategien verändern die Angebotslandschaft und erhöhen die Zahl relevanter Rahmenvereinbarungen deutlich.

Als Senior Proposal Manager International kennen Sie die Herausforderung: Rahmenverträge und Mehrlosverfahren bringen eine hohe Anzahl fachlich unterschiedlicher Lose, die erst in den Unterlagen klar werden. Zeitintensive Portalrecherche und verstreute Fristen binden Kapazität, die für Kalkulation und Angebotsqualität fehlt.

Patterno automatisiert genau diese Arbeit: Wir durchsuchen über 4.500 Vergabeportale, lesen komplette Vergabeunterlagen in ~30 Sekunden und markieren K.-o.-Kriterien, Losstruktur und Fristen mit Fundstellenverlinkung. Für adesso bedeutet das: schnellere Go-No-Go-Entscheidungen und mehr Kapazität für hochwertige Angebotsstrategien ohne zusätzliches Personal.

Lassen Sie uns zu einem 15-minütigen digitalen Kaffeetrinken treffen? Ich zeige Ihnen, wie andere IT-Systemhäuser ihre Trefferquote bei Rahmenverträgen erhöht haben.

Beste Grüße","Sehr geehrter Herr Kohnen,

Haben Sie meine letzte Email erhalten? Ihre Rolle als Senior Proposal Manager International bei adesso SE und die jüngsten Partnerschaften zur Stärkung von Cloud und KI fallen auf. Der Zuschlag für die Migration von ARD Dashboards in Power BI Modul 13 zeigt, dass Sie operative Kapazitäten für komplexe IT Vergaben erfolgreich mobilisieren.

Ich vermute, Sie kennen die typischen Fallen: EVB IT Klauseln, BSI oder ISO Anforderungen und verstreute Fristen auf Landesportalen, die ein Angebot schnell entwerten. Gerade bei Sammelvergaben entscheidet die Losstruktur über Go oder NoGo und kostet sonst viele Personentage. Patterno bündelt über 4.500 Quellen und liest Vergabeunterlagen im Volltext in Sekunden. Die KI markiert K O Kriterien, Eignungsnachweise und Fristen mit Fundstelle, sodass Ihr Team in zwei Minuten entscheiden kann, welche Verfahren lohnen. Bei Wiederholvergabeprozessen ist Automatisierung der Hebel zur Skalierung ohne zusätzliches Bid Personal.

Lassen Sie uns zu einem 15 minütigen digitalen Kaffeetrinken treffen? Ich zeige Ihnen, wie andere IT Systemhäuser ihre Bid Kapazität verdichtet haben.

Beste Grüße"
"Dennis Praum","Dennis","Praum","Senior Proposal Manager","Germany","adesso SE","adesso.de","https://www.linkedin.com/in/dennis-praum-26a370150/","Sie haben am 16.09.2026 den Zuschlag für „Migration von ARD-Dashboards in Power BI Modul 13“ (Rundfunk Berlin-Brandenburg) erhalten — im selben CPV-Segment laufen aktuell weitere Verfahren.","0.85","https://oeffentlichevergabe.de/api/notices/2fbce19e-8406-42b5-9a31-021c37f0693e?format=pdf","zuschlag_gewonnen","2026-09-16","+18175514555","dennis.praum@adesso.de","Sehr geehrter Herr Praum,

Glückwunsch zum Zuschlag für die Migration der ARD Dashboards in Power BI Modul 13 am 16.09.2026. Dass adesso in diesem CPV Segment aktiv ist, passt zu Ihrer Expertise im Proposal Umfeld und erklärt, warum Ihnen Qualität und Präzision wichtiger sind als laute Marketingfloskeln.

Operatives Bid Management kostet bei Rahmenvereinbarungen und Mehrlosverfahren schnell viele Personentage. Versteckte Eignungsanforderungen wie BSI Grundschutz oder Präqualifikationen und verstreute Fristen auf Landesportalen sind klassische Fallen, die Ihre Kalkulation entwerten können. Wissen, das an Einzelpersonen hängt, erhöht zudem das Risiko bei Urlaub oder Wechsel.

Patterno bündelt über 4.500 Vergabequellen und analysiert Vergabeunterlagen per KI in Sekunden, inklusive Erkennung von Fristen, Losstruktur und K O Kriterien mit direkter Verlinkung zur Fundstelle. Für ein IT Systemhaus heißt das: weniger Portal Recherche, schnelleres Go no Go und mehr Kapazität für Kalkulation und Angebotsqualität.

Lassen Sie uns zu einem 15 minütigen digitalen Kaffeetrinken treffen? Ich zeige Ihnen, wie andere IT Teams ihre Trefferquote erhöht haben.

Beste Grüße","Sehr geehrter Herr Praum,

Ihr Profil als Senior Proposal Manager und Ihr Claim „creating customised content to convince“ zeigen, dass Sie Wert auf präzise Prozesse und belastbare Inhalte legen. Als Working Dad und Verfechter von Loyalität und Integration dürfte Ihnen zudem wichtig sein, dass Teamwissen robust und ausfallsicher organisiert ist.

Bei adesso sehe ich zwei wiederkehrende Herausforderungen: Die Vergabewelt ist fragmentiert und verstreut über Landesportale, TED und lokale Plattformen, was Sichtungskapazität bindet. Gleichzeitig führen formale Anforderungen wie EVB-IT, BSI-Grundschutz oder Präqualifikationen schnell zu No-Go-Entscheidungen, wenn sie übersehen werden.

Patterno bündelt über 4.500 Quellen in einer täglichen Trefferliste, liest Vergabeunterlagen in Sekunden und markiert K.-o.-Kriterien samt Fundstelle. Für ein IT-Haus wie adesso heißt das: Go-oder-No-Go in Minuten statt Stunden und weniger Risiko durch übersehene Eignungsanforderungen. Die Kapazitätsersparnis gibt Ihren Teams Luft für Kalkulation und Angebotsqualität statt Portalsichtung.

Lassen Sie uns zu einem 15-minütigen digitalen Kaffeetrinken treffen? Ich zeige Ihnen, wie andere IT-Teams ihre Trefferquote steigern.

Beste Grüße","Sehr geehrter Herr Praum,

Haben Sie meine letzte Email erhalten? Kurz nach Ihrem Wechsel zu adesso wollte ich anknüpfen, weil mir Ihre Seriosität im Proposal-Umfeld aufgefallen ist.

Glückwunsch zum Zuschlag für die Migration der ARD Dashboards in Power BI Modul 13 am 16.09.2026. Dass adesso in diesem CPV Segment aktiv ist, passt zu Ihrer Expertise im Proposal Umfeld und erklärt, warum Ihnen Qualität und Präzision wichtiger sind als laute Marketingfloskeln.

Operatives Bid Management kostet bei Rahmenvereinbarungen und Mehrlosverfahren schnell viele Personentage. Versteckte Eignungsanforderungen wie BSI Grundschutz oder Präqualifikationen und verstreute Fristen auf Landesportalen sind klassische Fallen, die Ihre Kalkulation entwerten können. Wissen, das an Einzelpersonen hängt, erhöht zudem das Risiko bei Urlaub oder Wechsel.

Patterno bündelt über 4.500 Vergabequellen und analysiert Vergabeunterlagen per KI in Sekunden, inklusive Erkennung von Fristen, Losstruktur und K O Kriterien mit direkter Verlinkung zur Fundstelle. Für ein IT Systemhaus heißt das: weniger Portal Recherche, schnelleres Go no Go und mehr Kapazität für Kalkulation und Angebotsqualität.

Lassen Sie uns zu einem 15 minütigen digitalen Kaffeetrinken treffen? Ich zeige Ihnen, wie andere IT Teams ihre Trefferquote erhöht haben.

Beste Grüße"
"Tizian Jaeschke","Tizian","Jaeschke","IT Tender- / Bid-Manager","Greater Munster Area, Germany","ACP IT Solutions GmbH","acp-gruppe.com","https://www.linkedin.com/in/johannes-tizian-jaeschke/","Sie haben am 14.09.2026 den Zuschlag für „M365 Lizenzen“ (Museum für Naturkunde Berlin Leibniz-Institut für Evolutions- und Biodiversitätsforschung) erhalten — im selben CPV-Segment laufen aktuell weitere Verfahren.","1","https://oeffentlichevergabe.de/api/notices/ccf2651a-6dcb-49a4-bb23-1c9e33761ec0?format=pdf","zuschlag_gewonnen","2026-09-14","+4915117633233","tizian.jaeschke@acp.de","Sehr geehrter Herr Jaeschke,

herzlichen Glückwunsch zum Zuschlag für M365 Lizenzen am 14.09.2026 für das Museum für Naturkunde Berlin. Ein solcher Erfolg zeigt, dass ACP gezielt in öffentliche Rahmenverträge gewinnt. Im gleichen CPV Segment laufen aktuell weitere Verfahren, die ähnlich strukturierte Dokumente und formale Anforderungen haben.

Als IT Tender und Bid Manager kennen Sie die typischen Fallen: verstreute Fristen auf Landesportalen, umfangreiche Nachweispakete und EVB IT Klauseln, die eine Kalkulation entwerten können. Die operative Kapazität ist knapp und viele Prüfungen hängen an Einzelpersonen.

Patterno bündelt über 4.500 Quellen und liest Vergabeunterlagen volltextlich in Sekunden. Die KI identifiziert Eignungsanforderungen wie BSI Grundschutz oder ISO 27001 und liefert belastbare Fundstellen für Bieterfragen und Kalkulation. Für ein wachsendes Angebotspensum bedeutet das: schnelle Go oder No Go Entscheidungen und deutlich weniger Personentage für Sichtung.

Lassen Sie uns zu einem 15 minütigen digitalen Kaffeetrinken treffen? Ich zeige Ihnen, was Patterno in Ihrer letzten Ausschreibung findet.

Beste Grüße","Sehr geehrter Herr Jaeschke,

Glückwunsch zur Einbindung der ACP IT Solutions GmbH in die Gruppe und zum Zuschlag bei mehreren öffentlichen Rahmenverträgen wie dem Bundesinnenministerium und ProVitako. Die Partnerschaft mit Broadcom und der Rekordumsatz zeigen, dass ACP die Public Sector Kompetenz massiv ausbaut und Volumen jetzt skalierbar abdecken muss.

Als IT Tender und Bid Manager kennen Sie die Herausforderung: Zahlreiche Quellen, mehrlosige Losstrukturen und formale Fallen wie EVB IT oder BSI Anforderungen machen die Sichtung zeitaufwendig und fehleranfällig. Jede übersehene Kriteriumsanforderung kann eine Kalkulation entwerten.

Patterno bündelt über 4.500 Vergabeportale, liest Vergabeunterlagen volltextlich in Sekunden und liefert Go oder No Go inklusive Fundstelle. Für ACP heißt das: frühere Sichtbarkeit relevanter Rahmenvereinbarungen, konsistente Eignungsprüfungen und weniger Zeitverlust durch manuelle Portalsichtung.

Lassen Sie uns zu einem 15minütigen digitalen Kaffeetrinken treffen? Ich zeige Ihnen, wie andere IT Systemhäuser mit Patterno Trefferquoten und Kapazität steigern.

Beste Grüße","Sehr geehrter Herr Jaeschke,

Haben Sie meine letzte Email erhalten? Herzlichen Glückwunsch zum Zuschlag für M365 Lizenzen am 14.09.2026 für das Museum für Naturkunde Berlin. Ein solcher Erfolg zeigt, dass ACP gezielt in öffentliche Rahmenverträge gewinnt. Im gleichen CPV Segment laufen aktuell weitere Verfahren, die ähnlich strukturierte Dokumente und formale Anforderungen haben.

Als IT Tender und Bid Manager kennen Sie die typischen Fallen: verstreute Fristen auf Landesportalen, umfangreiche Nachweispakete und EVB IT Klauseln, die eine Kalkulation entwerten können. Die operative Kapazität ist knapp und viele Prüfungen hängen an Einzelpersonen. Patterno bündelt über 4.500 Quellen und liest Vergabeunterlagen volltextlich in Sekunden. Die KI identifiziert Eignungsanforderungen wie BSI Grundschutz oder ISO 27001 und liefert belastbare Fundstellen für Bieterfragen und Kalkulation.

Für ACP bedeutet das mehr Treffer bei relevanten Verfahren, schnellere Go oder No Go Entscheidungen und deutlich weniger Personentage für Sichtung. Lassen Sie uns zu einem 15 minütigen digitalen Kaffeetrinken treffen? Ich zeige Ihnen, was Patterno in Ihrer letzten Ausschreibung findet.

Beste Grüße"
"Aneta Felix","Aneta","Felix","Angebotsmanagerin (Kalkulation & Konzepte)","Frankfurt, Hessen, Deutschland","SPIE Information & Communication Services GmbH","spie.de","https://www.linkedin.com/in/aneta-felix-a552aab8/","Sie haben am 22.09.2026 den Zuschlag für „Deutschland – Reparatur und Wartung von Videogeräten – Wartungsvertrag - Videoüberwachung, DG Berlin, Brandenb“ (DRV Bund Einkaufsmanagement Bauleistungen) erhalten — im selben CPV-Segment laufen aktuell weitere Verfahren.","0.72","https://ted.europa.eu/en/notice/-/detail/651173-2026","zuschlag_gewonnen","2026-09-22","+4916099833980","aneta.felix@spie.de","Sehr geehrte Frau Felix,

herzlichen Glückwunsch zum Zuschlag vom 22.09.2026 für „Deutschland Reparatur und Wartung von Videogeräten Wartungsvertrag Videoüberwachung DG Berlin Brandenb“. Auffällig ist, dass im selben CPV Segment aktuell weitere Verfahren laufen und die Sichtung dieser Lose Ihre Kalkulationskapazitäten unmittelbar belastet.

Aus Erfahrung ergeben sich im Angebotsmanagement klare Risiken: verstreute Fristen über Landesportale, formale Fallen wie EVB IT oder BSI Anforderungen und immer wieder neu zusammenzustellende Nachweispakete. Das kostet Ihre Teams Personentage und erhöht die Gefahr, dass ein wichtiges Ausschlusskriterium übersehen wird.

Patterno bündelt über 4.500 Vergabequellen und analysiert Volltexte per KI in Sekunden. Für Angebotsmanagerinnen heißt das: Go oder No Go in zwei Minuten, alle Befunde mit Fundstelle und automatisierte Vorlagen für Eigenerklärungen und Kalkulationen. So gewinnen Sie Reichweite ohne zusätzliches Personal und reduzieren das Risiko formaler Ausschlüsse.

Lassen Sie uns zu einem 15 minütigen digitalen Kaffeetrinken treffen? Ich zeige Ihnen, was Patterno in Ihre letzte Ausschreibung findet.

Beste Grüße","Sehr geehrte Frau Felix,

Ihre letzten Pressemitteilungen zu PV‑Prüfungen für über 300 Gebäude und zum Energiespar‑Contracting in Reutlingen zeigen klare Prioritäten: Systematische Bestandsanalysen und schnelle Umsetzungsentscheidungen stehen bei SPIE im Vordergrund. Ebenso beeindruckt der Ausbau der Ladeinfrastruktur in Österreich als strategische Skalierungsinitiative.

Als Angebotsmanagerin kennen Sie die operative Seite: Das Sichten verstreuter Portale und das Auffinden von K.-o.-Kriterien kostet Zeit und führt leicht zu aussichtsfreien Kalkulationen. Gerade bei großen Rahmenprojekten entscheidet die präzise Losstruktur über Wirtschaftlichkeit und Zuschlag.

Patterno bündelt über 4.500 Vergabequellen und bewertet jede Bekanntmachung KI‑gestützt gegen Ihr CPV‑Profil. Die Plattform liest komplette Vergabeunterlagen in rund 30 Sekunden, erkennt Fristen, Eignungsanforderungen und K.-o.-Kriterien und liefert verlinkte Fundstellen samt vorgefertigten Eigenerklärungen und Kalkulationshilfen. Das Ergebnis ist mehr relevante Treffer, weniger Personentage und höhere Angebotsqualität.

Lassen Sie uns zu einer 15 Minuten dauernden digitalen Kaffeepause treffen? Ich zeige Ihnen, wie andere Angebotsabteilungen ihre Trefferquote und Effizienz gesteigert haben.

Beste Grüße","Sehr geehrte Frau Felix,

Haben Sie meine letzte Email erhalten? Herzlichen Glückwunsch zum Zuschlag vom 22.09.2026 für „Deutschland Reparatur und Wartung von Videogeräten Wartungsvertrag Videoüberwachung DG Berlin Brandenb“. Auffällig ist, dass im selben CPV Segment aktuell weitere Verfahren laufen und die Sichtung dieser Lose Ihre Kalkulationskapazitäten unmittelbar belastet.

Aus Erfahrung ergeben sich im Angebotsmanagement klare Risiken: verstreute Fristen über Landesportale, formale Fallen wie EVB IT oder BSI Anforderungen und immer wieder neu zusammenzustellende Nachweispakete. Das kostet Ihre Teams Personentage und erhöht die Gefahr, dass ein wichtiges Ausschlusskriterium übersehen wird. Patterno bündelt über 4.500 Vergabequellen und analysiert Volltexte per KI in Sekunden. Für Angebotsmanagerinnen heißt das Go oder No Go in zwei Minuten, alle Befunde mit Fundstelle und automatisierte Vorlagen für Eigenerklärungen und Kalkulationen.

Lassen Sie uns zu einem 15 minütigen digitalen Kaffeetrinken treffen? Ich zeige Ihnen, was Patterno in Ihre letzte Ausschreibung findet.

Beste Grüße"
"David Schulz","David","Schulz","Bid Manager","Hannover-Braunschweig-Göttingen-Wolfsburg Region, Germany","Controlware GmbH","controlware.de","https://www.linkedin.com/in/david-schulz-4867b5195/","Sie haben am 31.08.2026 den Zuschlag für „Deutschland – Netzwerkinfrastruktur – Rahmenvereinbarung Firewallsysteme“ (ekom21 - Kommunales Gebietsrechenzentrum Hessen) erhalten — im selben CPV-Segment laufen aktuell weitere Verfahren.","0.72","https://ted.europa.eu/en/notice/-/detail/598038-2026","zuschlag_gewonnen","2026-08-31","+4915168839515","schulz@controlware.de","Sehr geehrter Herr Schulz,

herzlichen Glückwunsch zum Zuschlag am 31.08.2026 für die Rahmenvereinbarung Firewallsysteme mit ekom21. Ihre jüngsten Initiativen zu MDR und Vulnerability Management sowie die Partnerschaft mit Cisco und Schwarz Digits zeigen, dass Controlware die Position in der öffentlichen Hand systematisch ausbaut. Im selben CPV Segment laufen aktuell weitere Verfahren, die für Ihr Team relevant sein dürften.

Operativ ist die Herausforderung klar und häufig: verstreute Fristen auf Landesportalen und Kommunalplattformen, formale Fallen durch EVB IT Dokumente sowie wiederkehrende Nachweispakete, die Personentage binden. Für Bid Manager wie Sie entscheidet oft ein übersehenes Eignungskriterium über Erfolg oder Ausschluss.

Patterno konsolidiert über 4.500 Quellen und liefert eine tägliche Trefferliste nach CPV Profil Region und Auftragsgröße. Die KI liest Vergabeunterlagen in Sekunden erkennt K O Kriterien und verlinkt jede Fundstelle. So entsteht ein schneller Go oder No Go und mehr Kapazität für Kalkulation und Angebotsqualität.

Lassen Sie uns zu einem 15 minütigen digitalen Kaffeetrinken treffen? Ich zeige Ihnen wie andere Systemhäuser ihre Trefferquote gesteigert haben.

Beste Grüße","Sehr geehrter Herr Schulz,

Glückwunsch zu den jüngsten Controlware Meldungen: Die Einführung von MDR und Vulnerability Management Services zeigt klare Marktführerschaft im Bereich Cyber Security, und die Partnerschaft mit Cisco und Schwarz Digits unterstreicht den strategischen Fokus auf digitale Souveränität. Beides passt zu Ihrer Rolle als Bid Manager, der technische Anforderungen und Marktposition sorgfältig abwägt.

Aus Bid Sicht sind zwei Probleme besonders relevant: Verteilte Portale und komplexe Losstrukturen führen dazu, dass formale Kriteri en wie BSI Grundschutz oder Nachunternehmerregeln übersehen werden und damit Angebote unnötig aussortiert werden. Außerdem bindet das manuelle Lesen langer Vergabeunterlagen wertvolle Kapazität, die für Kalkulation und Preisstrategie fehlt.

Patterno bündelt über 4.500 Vergabequellen und liest komplette Vergabeunterlagen in Sekunden, inklusive K o Kriterien und Fundstellenverlinkung. Für Bid Teams bedeutet das weniger Screeningaufwand und mehr qualitativ geprüfte Teilnahmeentscheidungen.

Hätten Sie 15 Minuten für ein digitales Kaffeetrinken, damit ich zeige, wie andere IT Systemhäuser ihre Trefferquote erhöht haben?

Beste Grüße","Sehr geehrter Herr Schulz,

Haben Sie meine letzte Email erhalten? Herzlichen Glückwunsch zum Zuschlag am 31.08.2026 für die Rahmenvereinbarung Firewallsysteme mit ekom21 und zu den MDR‑ sowie Vulnerability‑Management‑Initiativen; die Kooperation mit Cisco und Schwarz Digits unterstreicht Ihre strategische Ausrichtung auf digitale Souveränität und stärkt Ihre Position in der öffentlichen Hand. Im selben CPV Segment laufen aktuell weitere Verfahren, die für Ihr Team relevant sein dürften.

Operativ sind die Herausforderungen meist identisch: verstreute Fristen auf Landesportalen und Kommunalplattformen, formale Fallen durch EVB IT Dokumente sowie wiederkehrende Nachweispakete, die Personentage binden. Für Bid Manager wie Sie entscheidet oft ein übersehenes Eignungskriterium über Erfolg oder Ausschluss.

Patterno konsolidiert über 4.500 Quellen und liefert eine tägliche Trefferliste nach CPV Profil, Region und Auftragsgröße. Die KI liest Vergabeunterlagen in Sekunden, erkennt K O Kriterien und verlinkt jede Fundstelle, sodass schnell ein verlässlicher Go oder No Go entsteht und Kapazität für Kalkulation und Angebotsqualität frei wird.

Lassen Sie uns zu einem 15 minütigen digitalen Kaffeetrinken treffen? Ich zeige Ihnen wie andere Systemhäuser ihre Trefferquote gesteigert haben.

Beste Grüße"
"Peter Plocher","Peter","Plocher","Team Lead Tender Management Public Sector","Dietzenbach, Hesse, Germany","Controlware GmbH","controlware.de","https://www.linkedin.com/in/peter-plocher-547ab6208/","Sie haben am 31.08.2026 den Zuschlag für „Deutschland – Netzwerkinfrastruktur – Rahmenvereinbarung Firewallsysteme“ (ekom21 - Kommunales Gebietsrechenzentrum Hessen) erhalten — im selben CPV-Segment laufen aktuell weitere Verfahren.","0.72","https://ted.europa.eu/en/notice/-/detail/598038-2026","zuschlag_gewonnen","2026-08-31","+491714892299","peter.plocher@controlware.de","Sehr geehrter Herr Plocher,

Sie haben am 31.08.2026 den Zuschlag für Deutschland Netzwerkinfrastruktur Rahmenvereinbarung Firewallsysteme bei ekom21 erhalten. Im selben CPV Segment laufen aktuell weitere Verfahren, sodass die Angebotsfrequenz und die Prüfpflichten bei Controlware spürbar steigen dürften. Das spricht für eine strategische Priorisierung Ihrer Tender Aktivität.

Aus Erfahrung mit Bid Teams entsteht der größte Aufwand durch verstreute Quellen und formale Fallen wie EVB IT oder BSI Anforderungen. Submissionstermine und Eignungsnachweise verteilen sich über Landesportale und Kommunalplattformen, damit steigt das Risiko, dass K O Kriterien beim Querlesen übersehen werden. Wissen hängt oft an wenigen Köpfen, Urlaub oder Fluktuation werden schnell zum Prozessrisiko.

Patterno bündelt über 4.500 Vergabequellen in einer täglichen Trefferliste und liest Vergabeunterlagen volltextlich in Sekunden. Go oder No Go ist in zwei Minuten ersichtlich, jeder Befund verlinkt auf die Fundstelle. So reduzieren Sie Personentage und erhöhen die Trefferquote ohne zusätzliches Personal.

Lassen Sie uns zu einem 15 minütigen digitalen Kaffeetrinken treffen? Ich zeige Ihnen, wie andere Systemhäuser das umgesetzt haben.

Beste Grüße","Sehr geehrter Herr Plocher,

bei der Durchsicht von controlware.de und Ihrem Profil als Team Lead Tender Management Public Sector fiel mir Ihr Fokus auf öffentliche IT‑Rahmenverträge und Informationssicherheit auf. Als Verantwortlicher für Ausschreibungen im Public Sector kennen Sie die Komplexität von EVB‑IT, BSI‑Anforderungen und Mehrlosverfahren sehr genau.

Typische Stolperfallen sind in solchen Verfahren die versteckten K.-o.-Kriterien im Anhang und die verlorene Zeit durch das Querlesen zahlreicher Landes‑ und Kommunalportale. Bid‑Kapazität ist knapp und jede Stunde, die in Portalsichtung fließt, fehlt für Kalkulation und Angebotsqualität.

Patterno bündelt über 4.500 Vergabeportale, bewertet jede Bekanntmachung per KI gegen Ihr CPV‑Profil und liest Vergabeunterlagen in Sekunden inklusive Fristen, Losstruktur und Eignungsanforderungen mit Verlinkung zur Fundstelle. Das reduziert Go‑No‑Go‑Entscheidungen auf Minuten und entlastet Ihr Team spürbar bei Repeat‑Verfahren.

Lassen Sie uns zu einem 15‑minütigen digitalen Kaffeetrinken treffen? Ich zeige Ihnen, wie andere IT‑Systemhäuser ihre Trefferquote und Kapazität erhöht haben.

Beste Grüße","Sehr geehrter Herr Plocher,

Haben Sie meine letzte Email erhalten? Ihr Zuschlag für die Netzwerkinfrastruktur Rahmenvereinbarung Firewallsysteme bei ekom21 zeigt, wie stark Controlware im Public Sector aufgestellt ist und wie die Angebotsfrequenz für verwandte CPV Segmente jetzt anziehen dürfte.

Sie haben am 31.08.2026 den Zuschlag für Deutschland Netzwerkinfrastruktur Rahmenvereinbarung Firewallsysteme bei ekom21 erhalten. Im selben CPV Segment laufen aktuell weitere Verfahren, sodass die Angebotsfrequenz und die Prüfpflichten bei Controlware spürbar steigen dürften. Das spricht für eine strategische Priorisierung Ihrer Tender Aktivität.

Aus Erfahrung mit Bid Teams entsteht der größte Aufwand durch verstreute Quellen und formale Fallen wie EVB IT oder BSI Anforderungen. Submissionstermine und Eignungsnachweise verteilen sich über Landesportale und Kommunalplattformen, damit steigt das Risiko, dass K O Kriterien beim Querlesen übersehen werden.

Patterno bündelt über 4.500 Vergabequellen in einer täglichen Trefferliste und liest Vergabeunterlagen volltextlich in Sekunden. Go oder No Go ist in zwei Minuten ersichtlich, jeder Befund verlinkt auf die Fundstelle. So reduzieren Sie Personentage und erhöhen die Trefferquote ohne zusätzliches Personal.

Lassen Sie uns zu einem 15 minütigen digitalen Kaffeetrinken treffen? Ich zeige Ihnen, wie andere Systemhäuser das umgesetzt haben.

Beste Grüße"
"Larisa Kalinina","Larisa","Kalinina","Tender Manager","Greater Leipzig Area","think about IT GmbH","think-about.it","https://www.linkedin.com/in/larisa-kalinina-22318b89/","Sie suchen seit 31.08.2026 eine Verstärkung im Angebotsmanagement (Tender Manager (m/w/d), Nürnberg, Standort Nürnberg, Mittelfranken) — das Verfahrensvolumen wächst offenbar schneller als das Team.","0.6","https://www.arbeitsagentur.de/jobsuche/jobdetail/12811-2325305-S","bid_rolle_ausgeschrieben","2026-08-31","+4915756779506","kalinina@think-about.it","Sehr geehrte Frau Kalinina,

Ihre Ausschreibung für eine Verstärkung im Angebotsmanagement seit dem 31.08.2026 spricht Bände: Wenn das Verfahrensvolumen schneller wächst als das Team, bedeutet das mehr Quellen, engere Fristen und höhere Fehlerrisiken. Bei think about it dürfte aktuell die Vorbereitung der InfinIT Future und das Secure Boot Thema zugleich die operative Agenda prägen.

Operativ sitzen Tender Manager oft an der Grenze zwischen Relevanz und Ausschlusskriterium. Verstreute Portale, wechselnde Eignungsnachweise und Lose mit fachfremden Teilen kosten Personentage und machen Entscheidungen teuer. Genau hier bringt Patterno Entlastung: Unsere KI bündelt über 4500 Quellen, liest komplette Vergabeunterlagen in Sekunden und markiert K O Kriterien und Nachweispflichten mit Fundstelle.

Für ein IT Systemhaus heißt das weniger Suchaufwand und mehr Kapazität für Kalkulation und Angebotsqualität. Die wirtschaftliche Hebelwirkung entsteht durch höhere Bid Kapazität statt zusätzlicher Stellen. Lassen Sie uns zu einem 15 minütigen digitalen Kaffeetrinken treffen Ich zeige Ihnen, wie andere IT Teams diese Schritte beschleunigt haben.

Beste Grüße","Sehr geehrte Frau Kalinina,

auf think-about.it ist mir aufgefallen, dass die InfinIT Future Hausmesse und Hinweise zu Secure Boot Zertifikaten prominent kommuniziert werden; beides spricht dafür, dass Veranstaltungsplanung und Zertifikats-Compliance gerade hohe Priorität haben. Die Kombination aus Messeaktivitäten und sicherheitsrelevanten Änderungen verlangt präzise Koordination von Fristen und Nachweisdokumenten.

Als Tender Manager wissen Sie, wie leicht ein Nachweis oder ein Nachunternehmerverbot ein Angebot disqualifiziert und wie viel Zeit in der Sichtung verstreuter Portale verloren geht. Viele IT-Ausschreibungen verstecken entscheidende Losstrukturen und Eignungsanforderungen im Anhang, was die Go-oder-No-Go-Entscheidung verzögert.

Patterno bündelt über 4.500 Vergabeportale in einer täglichen, auf Ihr Profil gefilterten Trefferliste und liest komplette Vergabeunterlagen in Sekunden mit Verlinkung jeder Fundstelle. So reduzieren Sie Stunden manueller Sichtung und minimieren das Risiko übersehener K.-o.-Kriterien.

Lassen Sie uns zu einem 15-minütigen digitalen Kaffeetrinken treffen? Ich zeige Ihnen, wie andere IT-Systemhäuser ihre Bid-Kapazität skaliert haben.

Beste Grüße","Sehr geehrte Frau Kalinina,

Haben Sie meine letzte Email erhalten? Ihre Ausschreibung zur Verstärkung im Angebotsmanagement seit dem 31.08.2026 spricht Bände: Wenn das Verfahrensvolumen schneller wächst als das Team, entstehen mehr Quellen, engere Fristen und höhere Fehlerrisiken. Bei think about it dürften die Vorbereitung der InfinIT Future und das Secure Boot Thema aktuell die operative Agenda prägen.

Operativ sitzen Tender Manager oft an der Grenze zwischen Relevanz und Ausschlusskriterium. Verstreute Portale, wechselnde Eignungsnachweise und fachfremde Lose kosten Personentage und verteuern Entscheidungen. Patterno bündelt über 4500 Quellen, erstellt eine tägliche Trefferliste und liest komplette Vergabeunterlagen in Sekunden mit Verlinkung jeder Fundstelle. So erkennen Sie K.O. Kriterien und Nachweispflichten sofort und sparen Stunden manueller Sichtung.

Für ein IT Systemhaus bedeutet das mehr Kapazität für Kalkulation und Angebotsqualität statt neue Stellen. Lassen Sie uns zu einem 15 minütigen digitalen Kaffeetrinken treffen? Ich zeige Ihnen, wie andere IT Teams ihre Bid Kapazität skaliert haben.

Beste Grüße"
"Alexandra Gottwalt","Alexandra","Gottwalt","Tender Managerin","Leipzig, Saxony, Germany","think about IT GmbH","think-about.it","https://www.linkedin.com/in/alexandra-gottwalt/","Sie suchen seit 31.08.2026 eine Verstärkung im Angebotsmanagement (Tender Manager (m/w/d), Nürnberg, Standort Nürnberg, Mittelfranken) — das Verfahrensvolumen wächst offenbar schneller als das Team.","0.6","https://www.arbeitsagentur.de/jobsuche/jobdetail/12811-2325305-S","bid_rolle_ausgeschrieben","2026-08-31","+491637621405","gottwalt@think-about.it","Sehr geehrte Frau Gottwalt,

Ihre Ankündigung zur InfinIT Future Hausmesse und der Hinweis zu Secure Boot Zertifikaten zeigen, dass think about it sowohl Innovationskraft als auch operativen Fokus verbindet. Die Stellenausschreibung für eine Verstärkung im Angebotsmanagement seit dem 31.08.2026 bestätigt zudem, dass das Verfahrensvolumen wächst und das Team skaliert werden muss.

Aus der Perspektive eines Tender Managers kenne ich die typischen Fallen: formale Ausschlusskriterien in Anhängen, mehrfach abweichende Lose und verstreute Fristen über viele Portale. Jede übersehene Anforderung wie BSI Grundschutz oder ISO 27001 kann eine Kalkulation entwerten und bindet personelle Kapazität, die im Tagesgeschäft fehlt.

Patterno bündelt über 4.500 Quellen in einer täglichen Trefferliste, liest Vergabeunterlagen in Sekunden und markiert K o Kriterien samt Fundstelle. Für ein IT Systemhaus bedeutet das weniger Sichten, mehr valide Go Entscheidungen und mehr Kapazität für Kalkulation und Angebotsqualität. Bringen Sie Ihre letzte Ausschreibung mit und sehen Sie in einer halben Stunde konkrete Befunde.

Beste Grüße","Sehr geehrte Frau Gottwalt,

ich habe auf think-about.it die Ankündigung Ihrer Hausmesse InfinIT Future 2026 sowie den Hinweis zum Ablauf der Secure Boot Zertifikate ab Juni 2026 gelesen. Beides zeigt, dass think about IT einerseits Innovationspraxis demonstriert und andererseits Kundensupport bei sicherheitskritischen Fristen priorisiert.

Als Tender Managerin kennen Sie sicher die Herausforderung, Fristen und Zertifizierungsanforderungen lückenlos zu überblicken, besonders wenn Vergaben EVB IT oder spezifische Eignungsnachweise verlangen. Gleichzeitig kostet das manuelle Sichten der vielen Portale Zeit, die in Kalkulation und Angebotsqualität fehlt.

Patterno bündelt über 4500 Vergabeportale und liefert eine tägliche Trefferliste, die auf Ihr CPV Profil und Ihre Region gefiltert ist. Unsere KI liest komplette Vergabeunterlagen in Sekunden, erkennt K O Kriterien, Fristen und Nachweisanforderungen und verlinkt jede Fundstelle zur schnellen Verifikation.

Lassen Sie uns zu einem 15 minütigen digitalen Kaffeetrinken treffen? Ich zeige Ihnen, wie andere IT Systemhäuser ihre Bid Kapazität ohne zusätzliche Köpfe deutlich erhöht haben.

Beste Grüße","Sehr geehrte Frau Gottwalt,

Haben Sie meine letzte E‑Mail erhalten? Ihre Ankündigung zur InfinIT Future Hausmesse und der Hinweis zu den Secure Boot Zertifikaten zeigen, dass think about it Innovationskraft mit operativem Fokus verbindet und gleichzeitig das Verfahrensvolumen offenbar wächst.

Als Tender Managerin kennen Sie die typischen Fallen: K.-o.-Kriterien in Anhängen, mehrteilige Lose und verstreute Fristen über zahlreiche Portale. Jede übersehene Anforderung wie BSI Grundschutz oder ISO 27001 entwertet Kalkulationen und bindet Kapazität, die für Kalkulation und Angebotsqualität fehlt.

Patterno bündelt über 4.500 Vergabequellen und liefert morgens eine gefilterte Trefferliste nach CPV, Region und Auftragsgröße. Unsere KI liest Vergabeunterlagen in Sekunden, markiert K.-o.-Kriterien, Fristen und Nachweisanforderungen und verlinkt jede Fundstelle zur schnellen Verifikation. Für ein IT‑Systemhaus heißt das weniger Sichten, schnellere Go/No‑Go‑Entscheidungen und mehr Kapazität fürs Bidding.

Lassen Sie uns zu einem 15‑minütigen digitalen Kaffeetrinken treffen? Ich zeige Ihnen, wie andere IT‑Systemhäuser ihre Bid‑Kapazität ohne zusätzliche Köpfe deutlich erhöht haben.

Beste Grüße"
"Lisa Jessen","Lisa","Jessen","International Bid Manager","Berlin, Germany","Nortal AG","nortal.com","https://www.linkedin.com/in/lisa-jessen-441528a9/","Sie haben am 28.08.2026 den Zuschlag für „Rahmenvertrag Anwendungsbetreuung und Projektunterstützung der BaK Zahlungsverkehr sowie Unterstützung der Ges“ (Staatsbetrieb Sächsische Informatik Dienste) erhalten — im selben CPV-Segment laufen aktuell weitere Verfahren.","0.85","https://oeffentlichevergabe.de/api/notices/2978fb1d-4725-44fa-90b4-365da5ab9485?format=pdf","zuschlag_gewonnen","2026-08-28","+64 27 666 4446","lisa.jessen@nortal.com","Sehr geehrte Frau Jessen,

herzlichen Glückwunsch zum Zuschlag für den Rahmenvertrag Anwendungsbetreuung und Projektunterstützung der BaK Zahlungsverkehr am 28.08.2026. Dass Nortal in diesem CPV Segment erfolgreich ist, passt zu Ihrer strategischen Ausrichtung auf Industrial IoT und die AI first Delivery Initiative.

Als International Bid Manager wissen Sie, wie oft formale Fallen wie EVB IT Anlagen oder fehlende Eignungsnachweise eine Kalkulation entwerten. Das sichtet Kapazität und bindet erfahrene Mitarbeitende, weil Losstrukturen und Nachweispakete jedes Mal neu geprüft werden müssen.

Patterno bündelt Vergaben aus über 4.500 Quellen und liest Vergabeunterlagen vollautomatisch in Sekunden. Go oder No Go erscheint innerhalb von zwei Minuten und jeder Befund verlinkt auf die Fundstelle im Originaldokument. Für ein IT Systemhaus bedeutet das weniger Personentage für Sichtung und mehr Kapazität für Preisstrategie und Angebotsqualität.

Lassen Sie uns zu einem 15 minütigen digitalen Kaffeetrinken treffen? Ich zeige Ihnen, welche Verfahren Patterno für Nortal sofort finden würde.

Beste Grüße","Sehr geehrte Frau Jessen,

Ihre jüngste Integration von iSAX-Funktionen und der strategische Move zu AI-first-Delivery zeigen deutlich, dass Nortal mit industrial IoT und skalierbaren KI‑Services im Kernmarkt investiert. Die Kombination aus Akquisition und dem €19,9M‑EU‑Projekt zur Cyber‑Resilienz deutet auf wachsende Angebotspipeline und komplexere Vergabestrukturen hin.

Als International Bid Manager kennen Sie die Probleme: verstreute Portale erschweren die Fristenkontrolle und Mehrlosverfahren verschleiern die Passung einzelner Lose, sodass Ausschlusskriterien und EVB‑IT‑Fallen leicht übersehen werden. Das bindet erfahrene Bid‑Kapazität, die knapp ist.

Patterno automatisiert die Marktsichtung aus über 4.500 Quellen und liest Vergabeunterlagen in Sekunden, erkennt K.-o.-Kriterien, Eignungsnachweise und Losstruktur mit Fundstellenverlinkung. Für Unternehmen wie Nortal bedeutet das: weniger Personentage für Portal‑Monitoring, frühzeitiges Go/No‑Go und reproduzierbare Nachweispakete statt Wissen in Einzelköpfen.

Lassen Sie uns zu einem 15‑minütigen digitalen Kaffeetrinken treffen? Ich zeige Ihnen, wie andere Systemhäuser ihre Bid‑Kapazität skaliert haben.

Beste Grüße","Sehr geehrte Frau Jessen,

Haben Sie meine letzte Email erhalten? Herzlichen Glückwunsch zum Zuschlag für den Rahmenvertrag Anwendungsbetreuung und Projektunterstützung der BaK Zahlungsverkehr am 28.08.2026. Dass Nortal in diesem CPV-Segment erfolgreich ist, passt zur Integration von iSAX-Funktionen und zur AI-first-Delivery-Strategie.

Als International Bid Manager wissen Sie, wie formale Fallen wie EVB-IT-Anlagen oder fehlende Eignungsnachweise Kalkulationen entwerten und erfahrene Kapazität binden, weil Losstrukturen und Nachweispakete jedes Mal neu geprüft werden müssen. Patterno bündelt Vergaben aus über 4.500 Quellen und analysiert Vergabeunterlagen vollautomatisch in Sekunden: Go oder No Go erscheint innerhalb von zwei Minuten, jeder Befund verlinkt auf die Fundstelle im Originaldokument. Für ein IT-Systemhaus wie Nortal heißt das weniger Personentage für Sichtung und mehr Kapazität für Preisstrategie und Angebotsqualität.

Lassen Sie uns zu einem 15-minütigen digitalen Kaffeetrinken treffen? Ich zeige Ihnen, welche Verfahren Patterno für Nortal sofort finden würde.

Beste Grüße"
"Frank Adrian","Frank","Adrian","Senior Bid Manager","Osloß, Lower Saxony, Germany","Nortal AG","nortal.com","https://www.linkedin.com/in/frank-adrian-b98086124/","Sie haben am 28.08.2026 den Zuschlag für „Rahmenvertrag Anwendungsbetreuung und Projektunterstützung der BaK Zahlungsverkehr sowie Unterstützung der Ges“ (Staatsbetrieb Sächsische Informatik Dienste) erhalten — im selben CPV-Segment laufen aktuell weitere Verfahren.","0.85","https://oeffentlichevergabe.de/api/notices/2978fb1d-4725-44fa-90b4-365da5ab9485?format=pdf","zuschlag_gewonnen","2026-08-28","+4917023453871","frank.adrian@nortal.com","Sehr geehrter Herr Adrian,

Herzlichen Glückwunsch zum Zuschlag vom 28.08.2026 für den Rahmenvertrag Anwendungsbetreuung und Projektunterstützung der BaK Zahlungsverkehr. Dass Nortal diesen Auftrag gewinnt passt zur beschriebenen Ausrichtung auf AI first Delivery und zum Ausbau der Industrial IoT Kompetenzen durch die iSAX Übernahme. Solche Erfolge zeigen, dass Ihr Team operative Skalierung und technische Tiefe verbindet.

Aus Sicht des Bid Managements stellen gerade Rahmenverträge und Mehrlosvergaben besondere Risiken dar: verstreute Fristen auf Landesportalen, formale Fallen wie EVB IT Anforderungen und aufwändige Nachweispakete binden Personentage und gefährden Kalkulationen. Wenn Wissen in wenigen Köpfen steckt erhöht Urlaub oder Fluktuation das Verfahrensrisiko.

Patterno bündelt über 4.500 Vergabequellen und prüft Vergabeunterlagen per KI in Minuten gegen Ihre Eignungskriterien. Die Plattform liefert belastbare Fundstellen für Bieterfragen und reduziert Sichtungsaufwand drastisch, so dass Ihr Team Kapazität für Kalkulation und Angebotsqualität gewinnt. Bringen Sie Ihre letzte Ausschreibung mit und sehen Sie in 30 Minuten, was Patterno findet.

Lassen Sie uns zu einem 15 minütigen digitalen Kaffeetrinken treffen? Ich zeige Ihnen, wie andere IT Teams davon profitieren.

Beste Grüße","Sehr geehrter Herr Adrian,

Glückwunsch zu Nortals klarer Ausrichtung auf AI first Delivery und zur strategischen Erweiterung durch die Übernahme von iSAX sowie die Leitung des EU geförderten Cyber Resilience Konsortiums. Solche Schritte zeigen, dass Nortal in Deutschland und im Industrial IoT stark wachsen will.

Als Senior Bid Manager kennen Sie die Routineprobleme: steigende Verfahrenszahlen bei limitiertem Bid Personal und formale Fallen wie EVB IT Vorgaben, BSI Grundschutz oder ISO 27001 Anforderungen, die ein otherwise passendes Angebot disqualifizieren können. Zeitverteilte Fristen und gemischte Losstrukturen erhöhen das Risiko übersehener Ausschlusskriterien.

Patterno bündelt über 4.500 Vergabeportale in einer Oberfläche, bewertet jede Bekanntmachung per qualifizierter KI Suche gegen Ihr Profil und liest komplette Vergabeunterlagen in Sekunden, inklusive Fristen, Losstruktur und K o Kriterien. Das spart Bid Kapazität und macht Go oder No Go Entscheidungen belastbar.

Lassen Sie uns zu einem 15 minütigen digitalen Kaffeetrinken treffen? Ich zeige Ihnen, wie andere IT Teams ihre Trefferquote bei Rahmenverträgen erhöht haben.

Beste Grüße","Sehr geehrter Herr Adrian,

Haben Sie meine letzte Email erhalten? Ihr Zuschlag vom 28.08.2026 für den Rahmenvertrag Anwendungsbetreuung und Projektunterstützung der BaK Zahlungsverkehr bestätigt Nortals AI first Ausrichtung und die operative Skalierung durch die iSAX Übernahme und das EU geförderte Cyber Resilience Konsortium.

Als Senior Bid Manager wissen Sie: Rahmenverträge und Mehrlosvergaben erzeugen verstreute Fristen, formale Fallen wie EVB IT Vorgaben und aufwändige Nachweispakete, die Personentage binden und Kalkulationen gefährden. Wenn Wissen an wenigen Köpfen hängt, steigt das Verfahrensrisiko durch Urlaub oder Fluktuation.

Patterno bündelt über 4.500 Vergabequellen und prüft Vergabeunterlagen per KI in Minuten gegen Ihre Eignungskriterien. Die Plattform liefert verlinkte Fundstellen für Bieterfragen, erkennt Fristen, Losstruktur und K o Kriterien und reduziert Sichtungsaufwand deutlich, so dass Ihr Team Kapazität für Kalkulation und Angebotsqualität gewinnt. Bringen Sie Ihre letzte Ausschreibung mit und sehen Sie in 30 Minuten, was Patterno findet.

Lassen Sie uns zu einem 15 minütigen digitalen Kaffeetrinken treffen? Ich zeige Ihnen, wie andere IT Teams davon profitieren.

Beste Grüße"
"Lone Axelsen","Lone","Axelsen","Senior Bid Manager","Steinfurt, North Rhine-Westphalia, Germany","Materna Information & Communications SE","materna.de","https://www.linkedin.com/in/lone-axelsen-72884714/","Sie haben am 07.09.2026 den Zuschlag für „ITDZ Berlin: Interim Teilnehmendenmanagement DAB“ (IT-Dienstleistungszentrum Berlin (AöR)) erhalten — im selben CPV-Segment laufen aktuell weitere Verfahren.","1","https://oeffentlichevergabe.de/api/notices/dd58905e-90f4-4a8e-9b5b-eaf0342b907b?format=pdf","zuschlag_gewonnen","2026-09-07","+4916341101310","lone.axelsen@materna.de","Hallo Lone,

Ihre Initiative Elevate und die Partnerschaft mit Neo4j zeigen klar, dass Materna datengetriebene KI Lösungen vorantreibt und Wachstum systematisch skaliert. Der kürzlich erhaltene Zuschlag für ITDZ Berlin im Bereich Teilnehmendenmanagement bestätigt zudem Ihre operative Schlagkraft im öffentlichen IT Segment.

Als Senior Bid Manager kennen Sie die Tücken formaler Fallen in EVB IT und UfAB sowie die Belastung durch verstreute Portale und immer wieder neu zu schnürende Nachweispakete. Genau hier reduziert Patterno den Aufwand: Wir bündeln über 4.500 Quellen in einem Posteingang, prüfen Vergabeunterlagen vollautomatisch gegen Ihre Eignungskriterien und liefern jeden Befund mit verlinkter Fundstelle. Das schafft Go oder No Go in Minuten statt Tagen und entlastet knappe Bid Kapazitäten nachhaltig.

Für ein Unternehmen mit hoher Wiederholfrequenz von Verfahren und strikten Compliance Anforderungen ist Automatisierung nicht nur Effizienz sondern Kapazitätshebel. Bringen Sie Ihre letzte Ausschreibung mit und ich zeige Ihnen in 30 Minuten, was Patterno darin findet.

Lassen Sie uns zu einem 15 Minuten digitalen Kaffeetrinken treffen? Ich zeige Ihnen, wie andere IT Teams davon profitieren haben.

Beste Grüße","Sehr geehrte Frau Axelsen,

Ihre Initiative Elevate und die Partnerschaft mit Neo4j zeigen klar, dass Materna KI und vernetzte Datenanalysen jetzt strategisch skaliert. Zweistelliges Wachstum und gezielte Innovationsinvestitionen deuten darauf hin, dass Sie Effizienz und Nachweisbarkeit in Angeboten weiter steigern wollen.

Als Senior Bid Manager kennen Sie die Praxis: Versteckte K.-o.-Kriterien und verstreute Fristen fressen Zeit und gefährden die Compliance von Angeboten. Wenn Losstrukturen erst beim detaillierten Lesen passen, bindet das Ihre Kapazität unnötig und erhöht das Risiko fehlender Eignungsnachweise wie BSI oder ISO Zertifikate.

Patterno bündelt über 4.500 Vergabeportale und bewertet jede Ausschreibung per qualifizierter KI gegen Ihr Profil. Die Plattform liest komplette Vergabeunterlagen in Sekunden, markiert Fristen und K.-o.-Kriterien mit Fundstelle und liefert eine fokussierte Trefferliste statt stundenlanger Portalrecherche. Für Ihr Bid Management bedeutet das weniger Screeningaufwand, sichere Go No Go Entscheidungen und reproduzierbare Nachweispakete.

Lassen Sie uns zu einem 15 minutigen digitalen Kaffeetrinken treffen? Ich zeige Ihnen, wie andere IT Dienstleister ihre Angebotskapazität verdreifacht haben.

Beste Grüße","Sehr geehrte Frau Axelsen,

Haben Sie meine letzte Email erhalten? Ihre Initiative Elevate und die Partnerschaft mit Neo4j zeigen klar, dass Materna KI und vernetzte Datenanalysen jetzt strategisch skaliert. Zweistelliges Wachstum und gezielte Innovationsinvestitionen deuten darauf hin, dass Sie Effizienz und Nachweisbarkeit in Angeboten weiter steigern wollen.

Als Senior Bid Manager kennen Sie die Praxis: Versteckte K o Kriterien und verstreute Fristen fressen Zeit und gefährden die Compliance von Angeboten. Wenn Losstrukturen erst beim detaillierten Lesen passen, bindet das Ihre Kapazität unnötig und erhöht das Risiko fehlender Eignungsnachweise wie BSI Grundschutz oder ISO Zertifikate.

Patterno bündelt über 4.500 Vergabeportale und bewertet jede Ausschreibung per qualifizierter KI gegen Ihr Profil. Die Plattform liest komplette Vergabeunterlagen in Sekunden, markiert Fristen und K o Kriterien mit Fundstelle und liefert eine fokussierte Trefferliste statt stundenlanger Portalrecherche. Für Ihr Bid Management bedeutet das weniger Screeningaufwand, sichere Go oder No Go Entscheidungen und reproduzierbare Nachweispakete.

Lassen Sie uns zu einem 15 minutigen digitalen Kaffeetrinken treffen? Ich zeige Ihnen, wie andere IT Dienstleister ihre Angebotskapazität verdreifacht haben.

Beste Grüße"
