"account","account_domain","name","rolle","persona","linkedin_url","email","email_status","email_status_apollo","email_quelle","email_confidence","ort","warnung"
"ARKTIS IT solutions GmbH","arktis-gmbh.de","Nico Worbs","Senior Bid Manager","Champion - Bid/Tender","http://www.linkedin.com/in/nico-worbs-4473341b0","nico@arktis-gmbh.de","verifiziert","verified","apollo_people_bulk_match","0.9","Melle",""
"ARKTIS IT solutions GmbH","arktis-gmbh.de","Till Schwitalla","Managing Director","Economic Buyer","http://www.linkedin.com/in/till637","till.schwitalla@arktis-gmbh.de","verifiziert","verified","apollo_people_bulk_match","0.9","Berlin",""
"ARKTIS IT solutions GmbH","arktis-gmbh.de","Turgut Tabu","Managing Director","Economic Buyer","http://www.linkedin.com/in/turgut-tabu-5020a8a4","t.tabu@arktis.net","verifiziert","verified","apollo_people_bulk_match","0.9","Berlin","E-Mail-Domain arktis.net weicht von Account-Domain arktis-gmbh.de ab - vor Versand pruefen"
"Controlware","controlware.de","Peter Plocher","Team Lead Tender Management Public Sector","Champion - Bid/Tender","http://www.linkedin.com/in/peter-plocher-547ab6208","peter.plocher@controlware.de","verifiziert","verified","apollo_people_bulk_match","0.9","Dietzenbach",""
"Controlware","controlware.de","Dominik Reinwarth","Bid & Proposal Manager (öffentliche Auftraggeber)","Champion - Bid/Tender","http://www.linkedin.com/in/dominik-reinwarth","dominik.reinwarth@controlware.de","verifiziert","verified","apollo_people_bulk_match","0.9","Ingolstadt",""
"Controlware","controlware.de","Karl Freundsberger","Head of Sales","Economic Buyer","http://www.linkedin.com/in/karl-freundsberger-ab04aa159","karl.freundsberger@controlware.at","verifiziert","verified","apollo_people_bulk_match","0.9","Vienna","E-Mail-Domain controlware.at weicht von Account-Domain controlware.de ab - vor Versand pruefen"
"MR Datentechnik Vertriebs- und Service GmbH","mr-daten.de","Maximilian Scharf","Tender-/Bid Manager","Champion - Bid/Tender","http://www.linkedin.com/in/maximilian-scharf-b523901bb","m.scharf@mr-daten.de","verifiziert","verified","apollo_people_bulk_match","0.9","",""
"MR Datentechnik Vertriebs- und Service GmbH","mr-daten.de","Tina Ubler","Tender Managerin","Champion - Bid/Tender","http://www.linkedin.com/in/tina-%c3%bcbler-1388b4287","","keine","unavailable","apollo_people_bulk_match","0.0","Regensburg",""
"MR Datentechnik Vertriebs- und Service GmbH","mr-daten.de","Thomas Landa","Sales Consulting Manager","User/Nutzer","http://www.linkedin.com/in/thomas-landa-030a91318","t.landa@mr-daten.de","verifiziert","verified","apollo_people_bulk_match","0.9","Nuremberg",""
"WBS IT-Service GmbH","wbs-it.de","Klara-Friederike Heutzenroeder","Tendermanagement","Champion - Bid/Tender","http://www.linkedin.com/in/klara-friederike-heutzenr%c3%b6der-937b3a217","klara-friederike.heutzenroeder@wbs-it.de","geraten","extrapolated","apollo_people_bulk_match","0.45","Leipzig",""
"WBS IT-Service GmbH","wbs-it.de","Michael Kahr","Technical Sales Manager","User/Nutzer","http://www.linkedin.com/in/michael-kahr-20155884","michael.kahr@wbs-it.de","verifiziert","verified","apollo_people_bulk_match","0.9","Dresden",""
"WBS IT-Service GmbH","wbs-it.de","Ben Reimann","Account Manager - Technical Sales","User/Nutzer","http://www.linkedin.com/in/ben-reimann-614106267","ben.reimann@wbs-it.de","verifiziert","verified","apollo_people_bulk_match","0.9","Leipzig",""
"iteratec","iteratec.com","Tessa Pfattheicher","Managing Director","Economic Buyer","http://www.linkedin.com/in/tessa-pfattheicher","tessa.pfattheicher@iteratec.com","verifiziert","verified","apollo_people_bulk_match","0.9","München",""
"iteratec","iteratec.com","Stefan Rauch","Managing Director","Economic Buyer","http://www.linkedin.com/in/stefanrauch","stefan.rauch@iteratec.com","verifiziert","verified","apollo_people_bulk_match","0.9","Bayern",""
"iteratec","iteratec.com","Benjamin Eggert","Product Manager Iteratec eCMR","User/Nutzer","http://www.linkedin.com/in/benjamin-eggert-iteratec","benjamin.eggert@iteratec.com","verifiziert","verified","apollo_people_bulk_match","0.9","Düsseldorf",""
