"company_id","firma","domain","tier","score","signal_type","signal_datum","why_now","quell_url","match_confidence","in_longlist_signale","name","jobtitel","persona","ort","linkedin","email","email_status","email_quelle","email_domain_abgleich","telefon","telefon_typ","telefon_quelle","copy_warnung"
"siemens","Siemens AG","siemens.com","A","85","rahmenvertrag_laeuft_aus","2026-10-03","Ihr Rahmenvertrag „Gesamtschule Hiesfeld Bt. E - Gebäude- und Anlagenautomation“ mit Stadt Dinslaken für ProZent GmbH endet am 07.05.2027 — die Neuausschreibung startet erfahrungsgemäß rund sechs Monate vorher.","https://oeffentlichevergabe.de/api/notices/0811ff10-bf52-4aad-a7c2-ff7b76325518?format=pdf","0.85","ja","Alexander Voigt","Bid Manager","Champion - Bid/Tender","Germany, Germany","https://www.linkedin.com/in/alexander-voigt-a497321b6/","voigt.alexander@siemens.com","ungeprueft","","ok","+491712041462","mobil","clay_export",""
"acp it solutions","ACP IT Solutions GmbH","acp-gruppe.com","A","62","zuschlag_gewonnen","2026-09-29","Sie haben am 29.09.2026 den Zuschlag für „Beschaffung einer Modular-Data-Center-Lösung (Hauptspeicher- und Backupsystem), inkl. Wartungsleistungen für 6“ (Landkreis Uckermark, Rechtsamt) erhalten — im selben CPV-Segment laufen aktuell weitere Verfahren.","https://oeffentlichevergabe.de/api/notices/cb6cca97-7976-482e-81f7-0c41a56f9658?format=pdf","0.85","ja","Fabian Lehmann","Tender Manager","Champion - Bid/Tender","Münster, Nordrhein-Westfalen, Deutschland","https://www.linkedin.com/in/fabian-lehmann-138552228/","fabian.lehmann@acp.de","ungeprueft","","PRUEFEN: acp.de vs acp-gruppe.com","","","",""
"bechtle","Bechtle GmbH & Co. KG","bechtle.com","A","62","zuschlag_gewonnen","2026-09-30","Sie haben am 30.09.2026 den Zuschlag für „Abschluss eines Rahmenvertrages für die Verlängerung der Software Assurance der bestehenden Lizenzen und mögli“ (BKK Gildemeister Seidensticker) erhalten — im selben CPV-Segment laufen aktuell weitere Verfahren.","https://oeffentlichevergabe.de/api/notices/de708209-5177-4543-8f0a-43dbe566057d?format=pdf","0.85","ja","Kanupriya Anand Hener","Bid Manager","Champion - Bid/Tender","Oberhausen-Rheinhausen, Baden-Württemberg, Germany","https://www.linkedin.com/in/kanupriya-anand-hener-21863824/","kanupriya.hener@bechtle.com","ungeprueft","","ok","","","",""
"think about it","think about IT GmbH","think-about.it","A","62","zuschlag_gewonnen","2026-09-30","Sie haben am 30.09.2026 den Zuschlag für „Dell Thinclients“ (Mühlenkreiskliniken (AöR)) erhalten — im selben CPV-Segment laufen aktuell weitere Verfahren.","https://oeffentlichevergabe.de/api/notices/85f4231e-d135-4422-bff4-5fe990a3475c?format=pdf","0.85","ja","Alexandra Gottwalt","Tender Managerin","Champion - Bid/Tender","Leipzig, Saxony, Germany","https://www.linkedin.com/in/alexandra-gottwalt/","gottwalt@think-about.it","ungeprueft","","ok","+491637621405","mobil","clay_export",""
"controlware","Controlware GmbH","controlware.de","A","58","zuschlag_gewonnen","2026-10-01","Sie haben am 01.10.2026 den Zuschlag für „Deutschland – Informationstechnologiedienste – Netzwerkservice 2026“ (Medizinischer Dienst Baden-Württemberg) erhalten — im selben CPV-Segment laufen aktuell weitere Verfahren.","https://ted.europa.eu/en/notice/-/detail/677370-2026","0.72","ja","Peter Plocher","Team Lead Tender Management Public Sector","Champion - Bid/Tender","Dietzenbach, Hesse, Germany","https://www.linkedin.com/in/peter-plocher-547ab6208/","peter.plocher@controlware.de","verifiziert_apollo","apollo_people_bulk_match 23.09.2026","ok","+491714892299","mobil","clay_export",""
"materna information und communications","Materna Information & Communications SE","materna.de","A","57","zuschlag_gewonnen","2026-09-07","Sie haben am 07.09.2026 den Zuschlag für „ITDZ Berlin: Interim Teilnehmendenmanagement DAB“ (IT-Dienstleistungszentrum Berlin (AöR)) erhalten — im selben CPV-Segment laufen aktuell weitere Verfahren.","https://oeffentlichevergabe.de/api/notices/dd58905e-90f4-4a8e-9b5b-eaf0342b907b?format=pdf","1.0","ja","Lone Axelsen","Senior Bid Manager","Champion - Bid/Tender","Steinfurt, North Rhine-Westphalia, Germany","https://www.linkedin.com/in/lone-axelsen-72884714/","lone.axelsen@materna.de","ungeprueft","","ok","+4916341101310","mobil","clay_export",""
"t-systems international","T-Systems International GmbH","t-systems.com","B","53","zuschlag_gewonnen","2026-09-24","Sie haben am 24.09.2026 den Zuschlag für „Rahmenvereinbarung über die Prüfung, Beratung und Sicherstellung der digitalen Barrierefreiheit von Webanwendu“ (Bayerisches Staatsministerium für Digitales) erhalten — im selben CPV-Segment laufen aktuell weitere Verfahren.","https://oeffentlichevergabe.de/api/notices/89ac6b12-0ae4-4bdd-b476-0cfc22f77ec7?format=pdf","0.85","ja","Christian Schönborn","Senior Bid Manager","Champion - Bid/Tender","Bad Soden am Taunus, Hesse, Germany","https://www.linkedin.com/in/christian-schönborn-0a009958/","christian.schoenborn@t-systems.com","ungeprueft","","ok","+491738428420","mobil","clay_export",""
"sva system vertrieb alexander","SVA System Vertrieb Alexander GmbH","sva.de","A","50","zuschlag_gewonnen","2026-09-21","Sie haben am 21.09.2026 den Zuschlag für „VMware Cloud Foundation VCF Subscription zum Einsatz auf DELL VxRail“ (WBM Wohnungsbaugesellschaft Berlin-Mitte mbH) erhalten — im selben CPV-Segment laufen aktuell weitere Verfahren.","https://oeffentlichevergabe.de/api/notices/1d587e22-f749-4f16-813a-45ec7d0b521d?format=pdf","1.0","ja","Hendrik Reimann","Bid Manager","Champion - Bid/Tender","Hannover, Lower Saxony, Germany","https://www.linkedin.com/in/hendrikreimann794/","hendrik.reimann@sva.de","ungeprueft","","ok","","","",""
"cancom public","CANCOM Public GmbH","cancom.de","A","46","zuschlag_gewonnen","2026-09-23","Sie haben am 23.09.2026 den Zuschlag für „APC für Einsatzleitstellen der BPOL“ (Bundesrepublik Deutschland, vertreten durch das Bundesministerium des Innern, vertreten durch das Beschaffungsamt des BMI) erhalten — im selben CPV-Segment laufen aktuell weitere Verfahren.","https://oeffentlichevergabe.de/api/notices/a6f6366b-6f73-4584-8d2b-e73cfa5ab1d3?format=pdf","0.85","ja","Sebastian Schnall","BID Manager","Champion - Bid/Tender","Sinsheim, Baden-Württemberg, Germany","https://www.linkedin.com/in/sebastianschnall/","sebastian.schnall@cancom.de","ungeprueft","","ok","+491774855385","mobil","clay_export",""
"spie information und communication services","SPIE Information & Communication Services GmbH","spie.de","A","42","zuschlag_gewonnen","2026-09-22","Sie haben am 22.09.2026 den Zuschlag für „Deutschland – Reparatur und Wartung von Videogeräten – Wartungsvertrag - Videoüberwachung, DG Berlin, Brandenb“ (DRV Bund Einkaufsmanagement Bauleistungen) erhalten — im selben CPV-Segment laufen aktuell weitere Verfahren.","https://ted.europa.eu/en/notice/-/detail/651173-2026","0.72","ja","Aneta Felix","Angebotsmanagerin (Kalkulation & Konzepte)","Champion - Bid/Tender","Frankfurt, Hessen, Deutschland","https://www.linkedin.com/in/aneta-felix-a552aab8/","aneta.felix@spie.de","ungeprueft","","ok","+4916099833980","mobil","clay_export",""
"adesso","adesso SE","adesso.de","B","32","zuschlag_gewonnen","2026-09-16","Sie haben am 16.09.2026 den Zuschlag für „Migration von ARD-Dashboards in Power BI Modul 13“ (Rundfunk Berlin-Brandenburg) erhalten — im selben CPV-Segment laufen aktuell weitere Verfahren.","https://oeffentlichevergabe.de/api/notices/2fbce19e-8406-42b5-9a31-021c37f0693e?format=pdf","0.85","ja","Dejvi Mero","Bid Manager","Champion - Bid/Tender","Frankfurt, Hesse, Germany","https://www.linkedin.com/in/dejvi-mero/","dejvi.mero@adesso.de","ungeprueft","","ok","+4917664301502","mobil","clay_export",""
"deutsche telekom bs","Deutsche Telekom BS GmbH","telekom.com","B","29","zuschlag_gewonnen","2026-08-11","Sie haben am 11.08.2026 den Zuschlag für „ITV.SH Software für hybride Sitzungen (Software-as-a-Service)“ (IT-Verbund Schleswig-Holstein (ITV.SH) AöR) erhalten — im selben CPV-Segment laufen aktuell weitere Verfahren.","https://oeffentlichevergabe.de/api/notices/94b82415-06d0-4fca-aaa1-2c08c6394c18?format=pdf","0.85","ja","Reinmar Götz","Bid Manager","Champion - Bid/Tender","Cologne Bonn Region","https://www.linkedin.com/in/reinmar-g%c3%b6tz-919a364/","reinmar.goetz@telekom.com","ungeprueft","","ok","+491712017064","mobil","clay_export",""
"nortal","Nortal AG","nortal.com","A","27","zuschlag_gewonnen","2026-08-28","Sie haben am 28.08.2026 den Zuschlag für „Rahmenvertrag Anwendungsbetreuung und Projektunterstützung der BaK Zahlungsverkehr sowie Unterstützung der Ges“ (Staatsbetrieb Sächsische Informatik Dienste) erhalten — im selben CPV-Segment laufen aktuell weitere Verfahren.","https://oeffentlichevergabe.de/api/notices/2978fb1d-4725-44fa-90b4-365da5ab9485?format=pdf","0.85","ja","Frank Adrian","Senior Bid Manager","Champion - Bid/Tender","Osloß, Lower Saxony, Germany","https://www.linkedin.com/in/frank-adrian-b98086124/","frank.adrian@nortal.com","ungeprueft","","ok","+4917023453871","mobil","clay_export",""
"siemens","Siemens AG","siemens.com","A","85","rahmenvertrag_laeuft_aus","2026-10-03","Ihr Rahmenvertrag „Gesamtschule Hiesfeld Bt. E - Gebäude- und Anlagenautomation“ mit Stadt Dinslaken für ProZent GmbH endet am 07.05.2027 — die Neuausschreibung startet erfahrungsgemäß rund sechs Monate vorher.","https://oeffentlichevergabe.de/api/notices/0811ff10-bf52-4aad-a7c2-ff7b76325518?format=pdf","0.85","ja","Aseem Tiwari","Bid Manager","Champion - Bid/Tender","Brunswick, Lower Saxony, Germany","https://www.linkedin.com/in/aseem-tiwari-b62a1622/","aseem.tiwari@siemens.com","ungeprueft","","ok","","","",""
"acp it solutions","ACP IT Solutions GmbH","acp-gruppe.com","A","62","zuschlag_gewonnen","2026-09-29","Sie haben am 29.09.2026 den Zuschlag für „Beschaffung einer Modular-Data-Center-Lösung (Hauptspeicher- und Backupsystem), inkl. Wartungsleistungen für 6“ (Landkreis Uckermark, Rechtsamt) erhalten — im selben CPV-Segment laufen aktuell weitere Verfahren.","https://oeffentlichevergabe.de/api/notices/cb6cca97-7976-482e-81f7-0c41a56f9658?format=pdf","0.85","ja","Laura Wotschke","Senior Bid Manager","Champion - Bid/Tender","Berlin, Germany","https://www.linkedin.com/in/laura-wotschke-364010296/","laura.wotschke@acp.de","ungeprueft","","PRUEFEN: acp.de vs acp-gruppe.com","","","",""
"bechtle","Bechtle GmbH & Co. KG","bechtle.com","A","62","zuschlag_gewonnen","2026-09-30","Sie haben am 30.09.2026 den Zuschlag für „Abschluss eines Rahmenvertrages für die Verlängerung der Software Assurance der bestehenden Lizenzen und mögli“ (BKK Gildemeister Seidensticker) erhalten — im selben CPV-Segment laufen aktuell weitere Verfahren.","https://oeffentlichevergabe.de/api/notices/de708209-5177-4543-8f0a-43dbe566057d?format=pdf","0.85","ja","Victoria Roeger","Tender Manager","Champion - Bid/Tender","Stuttgart Region","https://www.linkedin.com/in/victoria-roeger-7b9b96182/","victoria.roeger@bechtle.com","ungeprueft","","ok","+491708714316","mobil","clay_export",""
"think about it","think about IT GmbH","think-about.it","A","62","zuschlag_gewonnen","2026-09-30","Sie haben am 30.09.2026 den Zuschlag für „Dell Thinclients“ (Mühlenkreiskliniken (AöR)) erhalten — im selben CPV-Segment laufen aktuell weitere Verfahren.","https://oeffentlichevergabe.de/api/notices/85f4231e-d135-4422-bff4-5fe990a3475c?format=pdf","0.85","ja","Kerstin Stahl","Team Lead Tender Management","Champion - Bid/Tender","Erlangen, Bavaria, Germany","https://www.linkedin.com/in/kerstin-stahl-5249b2a6/","stahl@think-about.it","ungeprueft","","ok","","","","Textbaustein gibt fehlende Recherche zu: vermutlich"
"controlware","Controlware GmbH","controlware.de","A","58","zuschlag_gewonnen","2026-10-01","Sie haben am 01.10.2026 den Zuschlag für „Deutschland – Informationstechnologiedienste – Netzwerkservice 2026“ (Medizinischer Dienst Baden-Württemberg) erhalten — im selben CPV-Segment laufen aktuell weitere Verfahren.","https://ted.europa.eu/en/notice/-/detail/677370-2026","0.72","ja","David Schulz","Bid Manager","Champion - Bid/Tender","Hannover-Braunschweig-Göttingen-Wolfsburg Region, Germany","https://www.linkedin.com/in/david-schulz-4867b5195/","schulz@controlware.de","ungeprueft","","ok","+4915168839515","mobil","clay_export",""
"t-systems international","T-Systems International GmbH","t-systems.com","B","53","zuschlag_gewonnen","2026-09-24","Sie haben am 24.09.2026 den Zuschlag für „Rahmenvereinbarung über die Prüfung, Beratung und Sicherstellung der digitalen Barrierefreiheit von Webanwendu“ (Bayerisches Staatsministerium für Digitales) erhalten — im selben CPV-Segment laufen aktuell weitere Verfahren.","https://oeffentlichevergabe.de/api/notices/89ac6b12-0ae4-4bdd-b476-0cfc22f77ec7?format=pdf","0.85","ja","Katharina Zickler","Angebotsmanager","Champion - Bid/Tender","Frankfurt/Rhein-Main","https://www.linkedin.com/in/katharina-zickler-578482b1/","katharina.zickler@t-systems.com","ungeprueft","","ok","+4915169922680","mobil","clay_export","Textbaustein gibt fehlende Recherche zu: vermutlich"
"sva system vertrieb alexander","SVA System Vertrieb Alexander GmbH","sva.de","A","50","zuschlag_gewonnen","2026-09-21","Sie haben am 21.09.2026 den Zuschlag für „VMware Cloud Foundation VCF Subscription zum Einsatz auf DELL VxRail“ (WBM Wohnungsbaugesellschaft Berlin-Mitte mbH) erhalten — im selben CPV-Segment laufen aktuell weitere Verfahren.","https://oeffentlichevergabe.de/api/notices/1d587e22-f749-4f16-813a-45ec7d0b521d?format=pdf","1.0","ja","Iva Floßdorf","Bid Managerin","Champion - Bid/Tender","Kerpen, North Rhine-Westphalia, Germany","https://www.linkedin.com/in/iva-flo%c3%9fdorf-aa0a98a4/","iva.flossdorf@sva.de","ungeprueft","","ok","","","",""
