"company_id","firma","domain","tier","tier_status","proof_type","proof_url","proof_date","verfahren_12m","auftraggeber_12m","in_longlist","name","jobtitel","persona","ort","linkedin","email","email_status","email_quelle","email_domain_abgleich","telefon","telefon_typ","telefon_quelle","copy_warnung"
"sva system vertrieb alexander","SVA System Vertrieb Alexander GmbH","sva.de","A","zuschlag_benannt","P1_zuschlag_24m","https://oeffentlichevergabe.de/api/notices/1d587e22-f749-4f16-813a-45ec7d0b521d?format=pdf","2026-09-21","126","86","ja","Corinna Liedtke","Bid Managerin","Champion - Bid/Tender","Germany","https://www.linkedin.com/in/corinna-liedtke/","corinna.liedtke@sva.de","ungeprueft","","ok","","","",""
"acp it solutions","ACP IT Solutions GmbH","acp-gruppe.com","A","zuschlag_benannt","P1_zuschlag_24m","https://oeffentlichevergabe.de/api/notices/ccf2651a-6dcb-49a4-bb23-1c9e33761ec0?format=pdf","2026-09-14","53","37","ja","Fabian Lehmann","Tender Manager","Champion - Bid/Tender","Münster, Nordrhein-Westfalen, Deutschland","https://www.linkedin.com/in/fabian-lehmann-138552228/","fabian.lehmann@acp.de","ungeprueft","","PRUEFEN: acp.de vs acp-gruppe.com","","","",""
"materna information und communications","Materna Information & Communications SE","materna.de","A","zuschlag_benannt","P1_zuschlag_24m","https://oeffentlichevergabe.de/api/notices/dd58905e-90f4-4a8e-9b5b-eaf0342b907b?format=pdf","2026-09-07","23","20","ja","Lone Axelsen","Senior Bid Manager","Champion - Bid/Tender","Steinfurt, North Rhine-Westphalia, Germany","https://www.linkedin.com/in/lone-axelsen-72884714/","lone.axelsen@materna.de","ungeprueft","","ok","","","",""
"think about it","think about IT GmbH","think-about.it","A","zuschlag_erschlossen","P1C_alleinbieter","https://oeffentlichevergabe.de/api/notices/85f4231e-d135-4422-bff4-5fe990a3475c?format=pdf","2026-09-30","21","16","ja","Kerstin Stahl","Team Lead Tender Management","Champion - Bid/Tender","Erlangen, Bavaria, Germany","https://www.linkedin.com/in/kerstin-stahl-5249b2a6/","stahl@think-about.it","ungeprueft","","ok","","","","Textbaustein gibt fehlende Recherche zu: konnte keine"
"controlware","Controlware GmbH","controlware.de","A","zuschlag_benannt","P1_zuschlag_24m","https://oeffentlichevergabe.de/api/notices/5eb16115-28e0-4d2c-bf0d-bf75db9915f1?format=pdf","2026-07-27","16","14","ja","Peter Plocher","Team Lead Tender Management Public Sector","Champion - Bid/Tender","Dietzenbach, Hesse, Germany","https://www.linkedin.com/in/peter-plocher-547ab6208/","peter.plocher@controlware.de","verifiziert_apollo","apollo_people_bulk_match 23.09.2026","ok","","","",""
"ricoh deutschland","Ricoh Deutschland GmbH","ricoh.de","A","zuschlag_benannt","P1_zuschlag_24m","https://oeffentlichevergabe.de/api/notices/fcdaaa02-00e7-45db-af3b-15bb5f7690d9?format=pdf","2026-06-30","14","14","ja","Anja Benz-Hattab","Senior Bid Managerin","Champion - Bid/Tender","Hannover, Lower Saxony, Germany","https://www.linkedin.com/in/anja-benz-hattab-835971208/","anja.benz-hattab@ricoh.de","ungeprueft","","ok","","","",""
"deutsche telekom security","Deutsche Telekom Security GmbH","telekom.de","A","zuschlag_erschlossen","P1C_alleinbieter","https://oeffentlichevergabe.de/api/notices/b68f24ef-9b4f-479b-8033-0b297a01c0f3?format=pdf","2026-09-20","13","10","ja","Anna Häckel","Bid Managerin","Champion - Bid/Tender","Germany, Germany","https://www.linkedin.com/in/anna-häckel-37a051270/","anna.haeckel@telekom.de","ungeprueft","","ok","","","",""
"netcom bw","NetCom BW GmbH","netcom-bw.de","A","zuschlag_erschlossen","P1C_alleinbieter","https://oeffentlichevergabe.de/api/notices/30b47990-f902-4c65-8670-2bf6d81cc964?format=pdf","2026-08-14","13","13","ja","Lukas Reinhardt","Teamleiter / Regionalleiter West Consumer & KMU","Nutzer / Fuersprecher","Bopfingen, Baden-Württemberg, Germany","https://www.linkedin.com/in/lukas-reinhardt1/","lukas.reinhardt@netcom-bw.de","ungeprueft","","ok","","","","Textbaustein gibt fehlende Recherche zu: vermutlich"
"profi engineering systems","Profi Engineering Systems AG","profi-ag.de","A","zuschlag_erschlossen","P1C_alleinbieter","https://oeffentlichevergabe.de/api/notices/b8348385-e36b-4f66-8f7f-c65eafc52e3e?format=pdf","2026-08-11","12","12","ja","Esra Aydar","Bid Managerin","Champion - Bid/Tender","Germany, Germany","https://www.linkedin.com/in/esra-aydar-274338275/","e.aydar@profi-ag.de","ungeprueft","","ok","","","",""
"netgo ost","netgo Ost GmbH","netgo.de","A","zuschlag_erschlossen","P1C_alleinbieter","https://oeffentlichevergabe.de/api/notices/8ddbcc9d-b317-459f-90fb-9c6eefc51bc2?format=pdf","2026-09-22","10","9","ja","Jens Reelsen","Bid Manager","Champion - Bid/Tender","Düsseldorf, North Rhine-Westphalia, Germany","https://www.linkedin.com/in/jens-reelsen-701722126/","jens.reelsen@netgo.de","ungeprueft","","ok","","","",""
"sinc","SINC Gmbh","sinc.de","A","zuschlag_erschlossen","P1C_alleinbieter","https://oeffentlichevergabe.de/api/notices/2d0bafc5-2e74-4eb5-8b12-39b027e8c78d?format=pdf","2026-07-23","9","7","ja","Juliane Mueller","Bid Manager","Champion - Bid/Tender","Leipzig, Sachsen, Deutschland","https://www.linkedin.com/in/juliane-mueller/","juliane.mueller@sinc.de","ungeprueft","","ok","","","",""
"seitenbau","SEITENBAU","seitenbau.com","A","zuschlag_erschlossen","P1C_alleinbieter","https://oeffentlichevergabe.de/api/notices/c453e44e-c30f-46b6-905f-f8e821167f92?format=pdf","2026-09-04","8","6","ja","Norma Meyer","Bid Manager","Champion - Bid/Tender","Leipzig, Saxony, Germany","https://www.linkedin.com/in/norma-meyer-0a4656254/","norma.meyer@seitenbau.com","ungeprueft","","ok","","","",""
"init","]init[ AG","init.de","A","zuschlag_erschlossen","P1C_alleinbieter","https://oeffentlichevergabe.de/api/notices/93102060-6583-4875-8cf8-0c7f2eaecdb8?format=pdf","2026-05-03","8","7","ja","Benjamin Becker","Bid Manager","Champion - Bid/Tender","Berlin Metropolitan Area, Germany","https://www.linkedin.com/in/benjamin-becker-bb2a4581/","benjamin.becker@init.de","ungeprueft","","ok","","","","Textbaustein gibt fehlende Recherche zu: vermutlich"
"allgeier public","Allgeier Public SE","allgeier-public.eu","A","zuschlag_erschlossen","P1C_alleinbieter","https://oeffentlichevergabe.de/api/notices/b7425f05-4e37-48ec-953c-b63af7d2e639?format=pdf","2026-08-05","7","6","ja","Steffi Plohmann","Senior Bid Manager","Champion - Bid/Tender","Hamburg, Germany","https://www.linkedin.com/in/steffi-plohmann-640bb8275/","steffi.plohmann@allgeier-public.eu","ungeprueft","","ok","","","",""
"hisolutions","HiSolutions AG","hisolutions.com","A","zuschlag_erschlossen","P1C_alleinbieter","https://oeffentlichevergabe.de/api/notices/3bdbeb97-6cca-4d79-a3be-4f7b9b9ef41e?format=pdf","2026-08-21","7","7","ja","Christiana H.","Senior Bid Managerin","Champion - Bid/Tender","Germany","https://www.linkedin.com/in/christianahaseloff/","haseloff@hisolutions.com","ungeprueft","","ok","","","",""
"thinkred","thinkRED GmbH","thinkred.de","A","zuschlag_erschlossen","P1C_alleinbieter","https://oeffentlichevergabe.de/api/notices/f8cb6a12-d239-4e44-9161-20d5527f0fe0?format=pdf","2026-07-28","7","7","ja","Rebecca Hartmann","Leitung Vertrieb & Tendermanagement","Champion - Bid/Tender","Mainz, Rhineland-Palatinate, Germany","https://www.linkedin.com/in/rebecca-hartmann-30b18b99/","r.hartmann@thinkred.de","ungeprueft","","ok","","","",""
"mr datentechnik vertriebs-und service","MR Datentechnik Vertriebs- und Service GmbH","mr-daten.de","A","zuschlag_benannt","P1_zuschlag_24m","https://oeffentlichevergabe.de/api/notices/ccdb1782-b91d-4c06-a901-154538315f1d?format=pdf","2026-09-04","6","6","ja","Maximilian Scharf","Tender-/Bid Manager","Champion - Bid/Tender","Germany, Germany","https://www.linkedin.com/in/maximilian-scharf-b523901bb/","m.scharf@mr-daten.de","verifiziert_apollo","apollo_people_bulk_match 23.09.2026","ok","","","",""
"nortal","Nortal AG","nortal.com","A","zuschlag_erschlossen","P1C_alleinbieter","https://oeffentlichevergabe.de/api/notices/2978fb1d-4725-44fa-90b4-365da5ab9485?format=pdf","2026-08-28","6","5","ja","Frank Adrian","Senior Bid Manager","Champion - Bid/Tender","Osloß, Lower Saxony, Germany","https://www.linkedin.com/in/frank-adrian-b98086124/","frank.adrian@nortal.com","ungeprueft","","ok","","","",""
"ordix","ORDIX AG","ordix.de","A","teilnahme_offen","P1D_ausgang_offen","https://oeffentlichevergabe.de/api/notices/bc6bf89f-41a9-434d-a805-c0767738c774?format=pdf","2026-06-22","5","3","ja","Björn Rauschenbach","Teamleiter Sales Consulting / Bid Manager","Champion - Bid/Tender","Wiesbaden, Hesse, Germany","https://www.linkedin.com/in/björn-rauschenbach-356116285/","bjoern.rauschenbach@ordix.de","ungeprueft","","ok","","","",""
"wtg leitstellentechnik","WTG Leitstellentechnik GmbH","wtg.com","A","zuschlag_erschlossen","P1C_alleinbieter","https://oeffentlichevergabe.de/api/notices/8b09ae35-ee0b-4fc4-b914-cdb1976fa847?format=pdf","2026-07-22","5","3","ja","Thorsten Kottler","Senior Bid Manager","Champion - Bid/Tender","Wiesental, Baden-Württemberg, Germany","https://www.linkedin.com/in/thorsten-kottler-4358a418a/","thorsten.kottler@wtg.com","ungeprueft","","ok","","","",""
"sits deutschland","SITS Deutschland GmbH","sits.com","A","zuschlag_erschlossen","P1C_alleinbieter","https://oeffentlichevergabe.de/api/notices/3b8208a7-2796-48ee-94a1-16ab3b2deb4e?format=pdf","2026-07-16","4","2","ja","Carmen Steinkamp","Tender Manager","Champion - Bid/Tender","Germany, Germany","https://www.linkedin.com/in/carmen-steinkamp-ba86a314a/","carmen.steinkamp@sits.com","ungeprueft","","ok","","","",""
"telent","telent GmbH","telent.de","A","zuschlag_erschlossen","P1C_alleinbieter","https://oeffentlichevergabe.de/api/notices/f5441118-8d94-4e25-84ac-0f679cc78803?format=pdf","2026-09-03","4","2","ja","Kathrin Grüttner","Bid Managerin","Champion - Bid/Tender","Berlin Metropolitan Area","https://www.linkedin.com/in/kathringruettner/","kathrin.gruettner@telent.de","ungeprueft","","ok","","","",""
"d-fine","d-fine GmbH","d-fine.com","B","zuschlag_benannt","P1_zuschlag_24m","https://oeffentlichevergabe.de/api/notices/e32f9e64-511d-4c9f-8179-fdb0e9af034d?format=pdf","2026-04-01","8","6","ja","Kirsten Woelk","Tender Managerin","Champion - Bid/Tender","Frankfurt, Hesse, Germany","https://www.linkedin.com/in/kirsten-woelk-43ba7b4/","kirsten.woelk@d-fine.com","ungeprueft","","ok","","","",""
"sva system vertrieb alexander","SVA System Vertrieb Alexander GmbH","sva.de","A","zuschlag_benannt","P1_zuschlag_24m","https://oeffentlichevergabe.de/api/notices/1d587e22-f749-4f16-813a-45ec7d0b521d?format=pdf","2026-09-21","126","86","ja","Hendrik Reimann","Bid Manager","Champion - Bid/Tender","Hannover, Lower Saxony, Germany","https://www.linkedin.com/in/hendrikreimann794/","hendrik.reimann@sva.de","ungeprueft","","ok","","","",""
"acp it solutions","ACP IT Solutions GmbH","acp-gruppe.com","A","zuschlag_benannt","P1_zuschlag_24m","https://oeffentlichevergabe.de/api/notices/ccf2651a-6dcb-49a4-bb23-1c9e33761ec0?format=pdf","2026-09-14","53","37","ja","Laura Wotschke","Senior Bid Manager","Champion - Bid/Tender","Berlin, Germany","https://www.linkedin.com/in/laura-wotschke-364010296/","laura.wotschke@acp.de","ungeprueft","","PRUEFEN: acp.de vs acp-gruppe.com","","","",""
"materna information und communications","Materna Information & Communications SE","materna.de","A","zuschlag_benannt","P1_zuschlag_24m","https://oeffentlichevergabe.de/api/notices/dd58905e-90f4-4a8e-9b5b-eaf0342b907b?format=pdf","2026-09-07","23","20","ja","Nico Rybacki","Senior Bid Manager","Champion - Bid/Tender","Wittorf, Lower Saxony, Germany","https://www.linkedin.com/in/nico-rybacki-84426b14b/","nico.rybacki@materna.group","ungeprueft","","PRUEFEN: materna.group vs materna.de","","","",""
"think about it","think about IT GmbH","think-about.it","A","zuschlag_erschlossen","P1C_alleinbieter","https://oeffentlichevergabe.de/api/notices/85f4231e-d135-4422-bff4-5fe990a3475c?format=pdf","2026-09-30","21","16","ja","Larisa Kalinina","Tender Manager","Champion - Bid/Tender","Greater Leipzig Area","https://www.linkedin.com/in/larisa-kalinina-22318b89/","kalinina@think-about.it","ungeprueft","","ok","+4915756779506","mobil","clay_export",""
"controlware","Controlware GmbH","controlware.de","A","zuschlag_benannt","P1_zuschlag_24m","https://oeffentlichevergabe.de/api/notices/5eb16115-28e0-4d2c-bf0d-bf75db9915f1?format=pdf","2026-07-27","16","14","ja","David Schulz","Bid Manager","Champion - Bid/Tender","Hannover-Braunschweig-Göttingen-Wolfsburg Region, Germany","https://www.linkedin.com/in/david-schulz-4867b5195/","schulz@controlware.de","ungeprueft","","ok","+4915168839515","mobil","clay_export",""
"deutsche telekom security","Deutsche Telekom Security GmbH","telekom.de","A","zuschlag_erschlossen","P1C_alleinbieter","https://oeffentlichevergabe.de/api/notices/b68f24ef-9b4f-479b-8033-0b297a01c0f3?format=pdf","2026-09-20","13","10","ja","Franziska Gerlach","Senior Sales & Bid Managerin Major Accounts","Champion - Bid/Tender","Berlin Metropolitan Area","https://www.linkedin.com/in/franziska-gerlach-2140b2164/","franziska.gerlach@telekom.de","ungeprueft","","ok","","","",""
"profi engineering systems","Profi Engineering Systems AG","profi-ag.de","A","zuschlag_erschlossen","P1C_alleinbieter","https://oeffentlichevergabe.de/api/notices/b8348385-e36b-4f66-8f7f-c65eafc52e3e?format=pdf","2026-08-11","12","12","ja","Raphael Awadalla","Tender Manager","Champion - Bid/Tender","Bochum, North Rhine-Westphalia, Germany","https://www.linkedin.com/in/raphael-awadalla-54ba0b220/","r.awadalla@profi-ag.de","ungeprueft","","ok","","","",""
"netgo ost","netgo Ost GmbH","netgo.de","A","zuschlag_erschlossen","P1C_alleinbieter","https://oeffentlichevergabe.de/api/notices/8ddbcc9d-b317-459f-90fb-9c6eefc51bc2?format=pdf","2026-09-22","10","9","ja","Oguz Isik","Bid manager","Champion - Bid/Tender","Kamen, Nordrhein-Westfalen, Deutschland","https://www.linkedin.com/in/oguz-isik-085532b5/","oisik@netgo.de","ungeprueft","","ok","","","",""
"init","]init[ AG","init.de","A","zuschlag_erschlossen","P1C_alleinbieter","https://oeffentlichevergabe.de/api/notices/93102060-6583-4875-8cf8-0c7f2eaecdb8?format=pdf","2026-05-03","8","7","ja","Franziska Eichfeld","Bid Manager","Champion - Bid/Tender","Leipzig, Saxony, Germany","https://www.linkedin.com/in/franziska-eichfeld-042878241/","franziska.eichfeld@init.de","ungeprueft","","ok","","","","Textbaustein gibt fehlende Recherche zu: ich hoffe, vermutlich"
"hisolutions","HiSolutions AG","hisolutions.com","A","zuschlag_erschlossen","P1C_alleinbieter","https://oeffentlichevergabe.de/api/notices/3bdbeb97-6cca-4d79-a3be-4f7b9b9ef41e?format=pdf","2026-08-21","7","7","ja","Daniela Urban-Romey","Senior Bid Manager","Champion - Bid/Tender","Berlin, Berlin, Germany","https://www.linkedin.com/in/daniela-urban-romey-89666722b/","daniela.urban-romey@hisolutions.com","ungeprueft","","ok","","","","Textbaustein gibt fehlende Recherche zu: vermutlich"
"thinkred","thinkRED GmbH","thinkred.de","A","zuschlag_erschlossen","P1C_alleinbieter","https://oeffentlichevergabe.de/api/notices/f8cb6a12-d239-4e44-9161-20d5527f0fe0?format=pdf","2026-07-28","7","7","ja","Yannik Bott","Tender Manager","Champion - Bid/Tender","Mainz, Rhineland-Palatinate, Germany","https://www.linkedin.com/in/yannik-bott-5b06a2299/","y.bott@thinkred.de","ungeprueft","","ok","","","",""
"mr datentechnik vertriebs-und service","MR Datentechnik Vertriebs- und Service GmbH","mr-daten.de","A","zuschlag_benannt","P1_zuschlag_24m","https://oeffentlichevergabe.de/api/notices/ccdb1782-b91d-4c06-a901-154538315f1d?format=pdf","2026-09-04","6","6","ja","Tina Übler","Tender Managerin","Champion - Bid/Tender","Regensburg, Bayern, Deutschland","https://www.linkedin.com/in/tina-übler-1388b4287/","t.uebler@mr-daten.de","ungeprueft","","ok","","","",""
"nortal","Nortal AG","nortal.com","A","zuschlag_erschlossen","P1C_alleinbieter","https://oeffentlichevergabe.de/api/notices/2978fb1d-4725-44fa-90b4-365da5ab9485?format=pdf","2026-08-28","6","5","ja","Melike Bouguern","Bid Manager","Champion - Bid/Tender","Greater Bremen Area, Germany","https://www.linkedin.com/in/melike-bouguern-b330b1189/","melike.bouguern@nortal.com","ungeprueft","","ok","","","","Textbaustein gibt fehlende Recherche zu: vermutlich"
"sits deutschland","SITS Deutschland GmbH","sits.com","A","zuschlag_erschlossen","P1C_alleinbieter","https://oeffentlichevergabe.de/api/notices/3b8208a7-2796-48ee-94a1-16ab3b2deb4e?format=pdf","2026-07-16","4","2","ja","Joana Oliveira","Tender Manager","Champion - Bid/Tender","Düsseldorf, North Rhine-Westphalia, Germany","https://www.linkedin.com/in/joana-oliveira-61b514216/","joana.oliveira@sits.com","ungeprueft","","ok","","","",""
"telent","telent GmbH","telent.de","A","zuschlag_erschlossen","P1C_alleinbieter","https://oeffentlichevergabe.de/api/notices/f5441118-8d94-4e25-84ac-0f679cc78803?format=pdf","2026-09-03","4","2","ja","Michael Terzidis","Bid Manager","Champion - Bid/Tender","Backnang, Baden-Württemberg, Germany","https://www.linkedin.com/in/michael-terzidis-09a702141/","michael.terzidis@telent.de","ungeprueft","","ok","","","","Textbaustein gibt fehlende Recherche zu: vermutlich"
"sva system vertrieb alexander","SVA System Vertrieb Alexander GmbH","sva.de","A","zuschlag_benannt","P1_zuschlag_24m","https://oeffentlichevergabe.de/api/notices/1d587e22-f749-4f16-813a-45ec7d0b521d?format=pdf","2026-09-21","126","86","ja","Iva Floßdorf","Bid Managerin","Champion - Bid/Tender","Kerpen, North Rhine-Westphalia, Germany","https://www.linkedin.com/in/iva-flo%c3%9fdorf-aa0a98a4/","iva.flossdorf@sva.de","ungeprueft","","ok","","","","Textbaustein gibt fehlende Recherche zu: nehme an"
"acp it solutions","ACP IT Solutions GmbH","acp-gruppe.com","A","zuschlag_benannt","P1_zuschlag_24m","https://oeffentlichevergabe.de/api/notices/ccf2651a-6dcb-49a4-bb23-1c9e33761ec0?format=pdf","2026-09-14","53","37","ja","Tizian Jaeschke","IT Tender- / Bid-Manager","Champion - Bid/Tender","Greater Munster Area, Germany","https://www.linkedin.com/in/johannes-tizian-jaeschke/","tizian.jaeschke@acp.de","ungeprueft","","PRUEFEN: acp.de vs acp-gruppe.com","+4915117633233","mobil","clay_export",""
