"firma_raw","ort","titel","datum","quell_url","hinweis"
"Rentschler Biopharma SE","Laupheim","Angebotsmanager (m/w/d)","2026-10-02","https://www.arbeitsagentur.de/jobsuche/jobdetail/17778-JP35806-S","Bid-Rolle ausgeschrieben, aber kein IT-Vergabebeleg - ICP vor Ansprache pruefen"
"ZETCON Ingenieure GmbH","Bochum","Angebotsmanager (m/w/d)","2026-10-02","https://www.arbeitsagentur.de/jobsuche/jobdetail/13635-c2c69eeb_JB5262886-S","Bid-Rolle ausgeschrieben, aber kein IT-Vergabebeleg - ICP vor Ansprache pruefen"
"Alfred Kärcher SE & Co. KG","Schwaikheim","Bid Manager (m/w/d)","2026-10-02","https://www.arbeitsagentur.de/jobsuche/jobdetail/14953-44478119-101-S","Bid-Rolle ausgeschrieben, aber kein IT-Vergabebeleg - ICP vor Ansprache pruefen"
"OPTIPER GmbH - Niederlassung Gotha","Gotha, Thüringen","Mitarbeiter Assistenz der Werkleitung / Vertrags- und Vergabemanagement (m/w/d) ","2026-10-01","https://www.arbeitsagentur.de/jobsuche/jobdetail/14751-103A15400-S","Bid-Rolle ausgeschrieben, aber kein IT-Vergabebeleg - ICP vor Ansprache pruefen"
"DREHTAINER GmbH","Lüttow-Valluhn","Angebotsmanager (m/w/d)","2026-10-01","https://www.arbeitsagentur.de/jobsuche/jobdetail/10000-1208093711-S","Bid-Rolle ausgeschrieben, aber kein IT-Vergabebeleg - ICP vor Ansprache pruefen"
"MCA Engineering GmbH","Frankfurt am Main","Bid Manager (m/w/d)","2026-10-01","https://www.arbeitsagentur.de/jobsuche/jobdetail/14751-351A763-S","Bid-Rolle ausgeschrieben, aber kein IT-Vergabebeleg - ICP vor Ansprache pruefen"
"grey engineering GmbH","Ulm, Donau","Technischer Angebotsmanager - Brandschutz & Service (m/w/d)","2026-09-30","https://www.arbeitsagentur.de/jobsuche/jobdetail/12288-4951715636-S","Bid-Rolle ausgeschrieben, aber kein IT-Vergabebeleg - ICP vor Ansprache pruefen"
"Brodos AG","Baiersdorf, Mittelfranken","Tender Manager (m/w/d)","2026-09-29","https://www.arbeitsagentur.de/jobsuche/jobdetail/10001-1003781038-S","Bid-Rolle ausgeschrieben, aber kein IT-Vergabebeleg - ICP vor Ansprache pruefen"
"DIS AG Germany","Bremen","Angebotsmanager (m/w/d)","2026-09-29","https://www.arbeitsagentur.de/jobsuche/jobdetail/12288-4951163669-S","Bid-Rolle ausgeschrieben, aber kein IT-Vergabebeleg - ICP vor Ansprache pruefen"
"ML Consulting Schulung Service & Support GmbH","Köln","Bid Manager (m/w/d)","2026-09-29","https://www.arbeitsagentur.de/jobsuche/jobdetail/10001-1003780231-S","Bid-Rolle ausgeschrieben, aber kein IT-Vergabebeleg - ICP vor Ansprache pruefen"
"ALFRED DOEPKER GMBH&CO. KG BAUUNTERNEHMEN","Oldenburg (Oldb)","Ausschreibungsmanager (m/w/d) für Kalkulation und Baustelle","2026-09-28","https://www.arbeitsagentur.de/jobsuche/jobdetail/10001-1003769812-S","Bid-Rolle ausgeschrieben, aber kein IT-Vergabebeleg - ICP vor Ansprache pruefen"
"Akkodis Germany Tech Experts GmbH","Mannheim","Angebotsmanager / Kalkulator HKLS (w/m/d) Region Mannheim / Rüsselsheim","2026-09-28","https://www.arbeitsagentur.de/jobsuche/jobdetail/12634-BB-644075-7878-4298-S","Bid-Rolle ausgeschrieben, aber kein IT-Vergabebeleg - ICP vor Ansprache pruefen"
"Bertrandt AG","Bremen","Bid Manager (m/w/d) - Defence","2026-09-24","https://www.arbeitsagentur.de/jobsuche/jobdetail/12288-4946613724-S","Bid-Rolle ausgeschrieben, aber kein IT-Vergabebeleg - ICP vor Ansprache pruefen"
"Max Bögl Bauservice GmbH und Co. KG","Nürnberg, Mittelfranken","Technischer Angebotsmanager (m/w/d) Hochbau,Sengenthal,Nürnberg","2026-09-21","https://www.arbeitsagentur.de/jobsuche/jobdetail/12811-2341278-S","Bid-Rolle ausgeschrieben, aber kein IT-Vergabebeleg - ICP vor Ansprache pruefen"
"Indian Ocean GmbH","Ahlen, Westfalen","Mitarbeiter (m/w/d) für Ausschreibungsmanagement und Auftragsrecherche","2026-09-20","https://www.arbeitsagentur.de/jobsuche/jobdetail/10001-1003733700-S","Bid-Rolle ausgeschrieben, aber kein IT-Vergabebeleg - ICP vor Ansprache pruefen"
"HAMBURG WASSER","Hamburg","Ingenieur Vergabemanagement Bau- und Ingenieurleistungen (m/w/d)","2026-09-19","https://www.arbeitsagentur.de/jobsuche/jobdetail/12336-a26f897j0449489-S","Bid-Rolle ausgeschrieben, aber kein IT-Vergabebeleg - ICP vor Ansprache pruefen"
"TRON gGmbH","Mainz am Rhein","Experte Vergabemanagement/öffentliche Ausschreibung (m/w/d)","2026-09-18","https://www.arbeitsagentur.de/jobsuche/jobdetail/12908-064238557-S","Bid-Rolle ausgeschrieben, aber kein IT-Vergabebeleg - ICP vor Ansprache pruefen"
"Schweerbau GmbH & Co. KG","Stadthagen","Angebotsmanager (m/w/d) für Nachunternehmerleistungen, Hauptsitz Stadthagen","2026-09-14","https://www.arbeitsagentur.de/jobsuche/jobdetail/12811-2334322-S","Bid-Rolle ausgeschrieben, aber kein IT-Vergabebeleg - ICP vor Ansprache pruefen"
"accompio GmbH","Einbeck","accompio GmbH: Bid Manager (m/w/d) Enterprise Ausschreibungen - remote deutschlandweit","2026-09-14","https://www.arbeitsagentur.de/jobsuche/jobdetail/11956-3033801789336801-S","Bid-Rolle ausgeschrieben, aber kein IT-Vergabebeleg - ICP vor Ansprache pruefen"
"Siemens Energy Global GmbH & Co. KG","Berlin","Bid Manager (f/m/d) for Surge Arresters","2026-09-11","https://www.arbeitsagentur.de/jobsuche/jobdetail/15170-483460291-S","Bid-Rolle ausgeschrieben, aber kein IT-Vergabebeleg - ICP vor Ansprache pruefen"
"netgo group GmbH","Borken, Westfalen","Bid Manager öffentliche Ausschreibungen IT (m/w/d)","2026-09-11","https://www.arbeitsagentur.de/jobsuche/jobdetail/12336-a26f1201j0454202-S","Bid-Rolle ausgeschrieben, aber kein IT-Vergabebeleg - ICP vor Ansprache pruefen"
"engineering people GmbH","Donauwörth","Angebotsmanager Material- und Logistikservices (m/w/d)","2026-09-04","https://www.arbeitsagentur.de/jobsuche/jobdetail/12727-UL1383460-S","Bid-Rolle ausgeschrieben, aber kein IT-Vergabebeleg - ICP vor Ansprache pruefen"
"SD Worx GmbH","Frankfurt am Main","Bid Manager (m/w/d)","2026-09-03","https://www.arbeitsagentur.de/jobsuche/jobdetail/10001-1003645841-S","Bid-Rolle ausgeschrieben, aber kein IT-Vergabebeleg - ICP vor Ansprache pruefen"
"AVS Verkehrssicherung GmbH - NL Overath","Bayreuth","Angebotsmanager / Kalkulator Verkehrssicherung (m/w/d) - Bayreuth","2026-08-21","https://www.arbeitsagentur.de/jobsuche/jobdetail/15747-16605848-S","Bid-Rolle ausgeschrieben, aber kein IT-Vergabebeleg - ICP vor Ansprache pruefen"
"Piepenbrock Dienstleistungen GmbH & Co. KG","Osnabrück","Angebotsmanager Technisches Gebäudemanagement (m/w/d)","2026-08-21","https://www.arbeitsagentur.de/jobsuche/jobdetail/13103-3132470_4058062-S","Bid-Rolle ausgeschrieben, aber kein IT-Vergabebeleg - ICP vor Ansprache pruefen"
"Piepenbrock Dienstleistungen GmbH & Co. KG","Bremen","Angebotsmanager Technisches Gebäudemanagement (m/w/d)","2026-08-21","https://www.arbeitsagentur.de/jobsuche/jobdetail/13103-3132457_4058138-S","Bid-Rolle ausgeschrieben, aber kein IT-Vergabebeleg - ICP vor Ansprache pruefen"
"Piepenbrock Dienstleistungen GmbH & Co. KG","Hamburg","Angebotsmanager Technisches Gebäudemanagement (m/w/d)","2026-08-21","https://www.arbeitsagentur.de/jobsuche/jobdetail/13103-3132513_4058084-S","Bid-Rolle ausgeschrieben, aber kein IT-Vergabebeleg - ICP vor Ansprache pruefen"
"GBS TEMPEST & Service GmbH","Diepholz","Angebotsmanager (m/w/d) in Vollzeit","2026-08-20","https://www.arbeitsagentur.de/jobsuche/jobdetail/10000-1207597128-S","Bid-Rolle ausgeschrieben, aber kein IT-Vergabebeleg - ICP vor Ansprache pruefen"
"SCHUTZschild Bewachungsgesellschaft mbH","Gummersbach","Vertriebsmitarbeiter (m/w/d) – Ausschreibungen & Angebotsmanagement (Sicherheitsbranche)","2026-08-15","https://www.arbeitsagentur.de/jobsuche/jobdetail/10001-1003550022-S","Bid-Rolle ausgeschrieben, aber kein IT-Vergabebeleg - ICP vor Ansprache pruefen"
"Piening GmbH (Koblenz)","Nassau, Lahn","Bid Manager / Angebotsmanager (m/w/d) – Vertriebsinnendienst in der Rüstungsindustrie","2026-08-10","https://www.arbeitsagentur.de/jobsuche/jobdetail/10001-1003514828-S","Bid-Rolle ausgeschrieben, aber kein IT-Vergabebeleg - ICP vor Ansprache pruefen"
