"ocid","vergabestelle","titel","cpv","frist","tage_bis_frist","wert","quell_url"
"ocds-mnwr74-0a523dc9-5e6c-43f9-9097-76edf447a375","Technische Universität Ilmenau, Dezernat Finanzen, Zentrale Vergabestelle","5x GPU-Beschleunigerkarten","30237134","2026-10-06","12","","https://oeffentlichevergabe.de/api/notices/70a99474-59fa-40b1-a5aa-5da3ba45720e?format=pdf"
"ocds-mnwr74-9110c428-8014-409f-a6d5-fffa1accc3f6","Friedrich-Schiller-Universität Jena","Verlängerung I-Doit Subscription","48218000","2026-10-07","13","","https://oeffentlichevergabe.de/api/notices/c920be95-f06d-4652-9c14-63b2da706520?format=pdf"
"ocds-mnwr74-27818c1a-fe99-492c-adc3-f9d1cd4d6551","SWO Netz GmbH","Moderniesierung Netzleitstelle","30231300;30237280;32323500;48810000","2026-10-23","29","","https://oeffentlichevergabe.de/api/notices/89ffee66-8595-4292-aa4f-66c17bfbc3cd?format=pdf"
"ocds-mnwr74-8367f58d-0611-4dd1-8070-d1d8019f826a","Deutsche Gesetzliche Unfallversicherung e.V.","Backup Cloud to Cloud","72000000","2026-10-23","29","","https://oeffentlichevergabe.de/api/notices/7a28b5c5-c4f3-4537-a4a4-6c57d23426c7?format=pdf"
"ocds-mnwr74-085a8672-f172-4636-9ac9-f24de151e0e1","Oberfinanzdirektion Baden-Württemberg - LZfD","Software Nuix Neo","48400000;48600000","2026-10-23","29","","https://oeffentlichevergabe.de/api/notices/99f401a4-845e-4bc9-bd11-96854de71fa0?format=pdf"
"ocds-mnwr74-ddb247b4-436e-4c27-b953-3c4a079e1aa8","Katholische Jugendfürsorge der Diözese Augsburg e.V.","Beschaffung SchulMobE 2","30213100;30213200","2026-10-26","32","","https://oeffentlichevergabe.de/api/notices/ddb247b4-436e-4c27-b953-3c4a079e1aa8?format=pdf"
"ocds-mnwr74-dfe05dab-cda7-4262-b81e-1a6effdc0b01","Universitätsklinikum Mannheim GmbH","Dell Rahmenvertrag","30200000;48000000","2026-10-08","14","","https://oeffentlichevergabe.de/api/notices/44d591b6-de16-4f8e-bef7-c69e490db4d2?format=pdf"
"ocds-mnwr74-b522e47b-ae0c-426d-873e-8a42d711d5c8","Stadt Nürnberg - Zentrale Dienste","Dienstleistung ""M365 - Solution Architect / Integrationsmanager"" für die Weiterentwicklung der M365 Umgebung der Stadt Nürnberg","72260000","2026-10-19","25","","https://oeffentlichevergabe.de/api/notices/e85ff6bf-2798-49a6-aa4d-6df7a1c80b59?format=pdf"
"ocds-mnwr74-b1000000-c0de-4000-a000-00d462924240","Westküstenkliniken Brunsbüttel und Heide gGmbH","Lieferung, Installation, Konfiguration, Einführung eines Linac VR-Einzelplatz Schulungssystems","48931000","2026-10-22","28","","https://oeffentlichevergabe.de/api/notices/cbd14277-1ebf-4fdc-9faa-053f17730f66?format=pdf"
"ocds-mnwr74-ead5e827-f2fd-41fb-b8ba-735204aa6390","Freistaat Bayern, vertreten durch das Bayer. StM f. Ernährung, Landwirtschaft, Forsten und Tourismus"," Rahmenvereinbarungen Programmier- und Beratungsleistungen zur Anwendungsentwicklung im Ressort des StMELF","72000000;72200000;72211000;72243000;72262000;72263000","2026-10-06","12","","https://oeffentlichevergabe.de/api/notices/ac0e5442-ce7e-41b6-879e-5b9bd2255fb7?format=pdf"
"ocds-mnwr74-9099acdd-92f6-43bf-a073-d64515f656c5","Landratsamt Landsberg am Lech","Beschaffung und Einführung einer Fachsoftware für das Jugendamt des Landkreises Landsberg am Lech","48100000","2026-10-23","29","","https://oeffentlichevergabe.de/api/notices/9099acdd-92f6-43bf-a073-d64515f656c5?format=pdf"
"ocds-mnwr74-cc0d4e14-bf81-4bec-9e7e-ee8fde309323","Stadtreinigung Hamburg AöR","Implementierungsbegleitung Digitalisierungsprojekt","72000000","2026-10-26","32","","https://oeffentlichevergabe.de/api/notices/01ffcb7d-df14-4ff9-86dd-9f2cdc85f874?format=pdf"
"ocds-mnwr74-e07a5dba-6a77-4755-87a6-f3e25bf7fb30","Fraunhofer-Gesellschaft - Einkauf B12","Deep Learning GPU Cluster - PR1285415-2220-I","48822000","2026-10-23","29","","https://oeffentlichevergabe.de/api/notices/82e45f1e-e7cb-4dcc-aced-fb8cdc3a7f2c?format=pdf"
"ocds-mnwr74-57dfa567-86ec-4fe9-b460-482c1b32708f","Hannoversche Informationstechnologien AöR / hannIT","Ausschreibung CITRIX Wartungsverlängerung ab 2027","48820000","2026-10-23","29","1568178.0","https://oeffentlichevergabe.de/api/notices/0cd05f3b-2bc5-449e-bf24-5d34edf6ac06?format=pdf"
"ocds-mnwr74-ccb19e8a-5828-457d-8cea-984fc6e25712","Norddeutscher Rundfunk","Design-Dienstleistungen für den NDR","72413000;79822500","2026-10-22","28","","https://oeffentlichevergabe.de/api/notices/33b3521a-1513-448e-a35c-fcd526b45938?format=pdf"
"ocds-mnwr74-12b49a58-14b1-46c4-9854-e3153a8d9f96","Unfallbehandlungsstelle Berlin (UBS) gGmbH","Individuelle Teletherapie (ITT)","48000000;48180000","2026-10-21","27","","https://oeffentlichevergabe.de/api/notices/2217b5f9-d83d-4eda-bbe9-a31284034118?format=pdf"
"ocds-mnwr74-a3fe2276-7ed0-4fd4-b9d3-a3d8d3117a19","Ministerium für Infrastruktur und Digitales des Landes Sachsen-Anhalt","Rahmenvertrag für den Bezug von Mircosoft Lizenzprodukten aus Volumenverträgen zwischen Bund und Microsoft","48000000","2026-10-26","32","","https://oeffentlichevergabe.de/api/notices/634db118-569f-4e7c-a777-3ffd19b39592?format=pdf"
"ocds-mnwr74-9f226a20-ed94-4c71-84e4-df2de4b7ce03","Bundesinstitut für Berufsbildung","Lieferung einer Produktionsdruckstraße einschließlich Full-Service-Wartungsvertrag und integriertem Produktionsworkflow für den Zeitraum vom 01.12.2026 bis zum 30.11.2032","30232100","2026-10-22","28","","https://oeffentlichevergabe.de/api/notices/d8f40460-6d77-4b6a-84a2-5ce9d1226fb9?format=pdf"
"ocds-mnwr74-d0c76781-b40a-4051-a3f6-93cb8f36ad1b","Gemeinnützige Gesellschaft für soziale Dienste -DAA- mbH","GGSD wg. Lieferleistung technischer Geräte (Laptops, Convertibles, Tablets)","30213100;30213200","2026-10-07","13","","https://oeffentlichevergabe.de/api/notices/239879f8-834f-4b82-bfb9-128f1c7a9e9a?format=pdf"
"ocds-mnwr74-22d7aaab-9688-42eb-bfd7-d4d0a0e2cdac","Kaufmännische Krankenkasse - KKH","IT-Angriffserkennungssysteme","72000000","2026-10-05","11","","https://oeffentlichevergabe.de/api/notices/41a0a661-4cc8-4173-9e13-d8be0a360a7f?format=pdf"
"ocds-mnwr74-edd59843-abbc-4cad-ac45-2930c45c03f2","Berliner Wasserbetriebe","Confluence Lizenzen Abo","48000000","2026-10-21","27","","https://oeffentlichevergabe.de/api/notices/15a6d9eb-2cef-4713-bc8f-166a3cfcc829?format=pdf"
"ocds-mnwr74-f8f7ce6a-d862-4d37-bc57-517298ed9088","Stiftung Jüdisches Museum Berlin","EU-weites offenes Verfahren zur Beschaffung von Rechenzentrumsinfrastruktur","30211200","2026-10-22","28","269000","https://oeffentlichevergabe.de/api/notices/81603009-2113-45cf-bd41-3e624a7950f4?format=pdf"
"ocds-mnwr74-ce709371-3e3b-4668-a5ae-eea98915e891","Landkreis Hildesheim","Abschluss von Rahmenvereinbarungen für IT-Hardware","30200000;30213100;30213300;30231310","2026-10-12","18","","https://oeffentlichevergabe.de/api/notices/c0f9389f-aaa2-4e2a-8988-aed6829708f0?format=pdf"
"ocds-mnwr74-0f18ae3c-0fca-4829-89a9-9975f92ba55d","Unfallversicherung Bund und Bahn","Lieferung von Business-Notebooks","30210000;30213100","2026-10-26","32","","https://oeffentlichevergabe.de/api/notices/f0858792-a8ec-40b1-882c-2ce9a20d0646?format=pdf"
"ocds-mnwr74-28630d32-60db-4bc3-b161-97a8ca44f682","BG-Phoenics GmbH","Kauf und Wartung von zentraler Speichererweiterung des Herstellers NetApp","32424000;50312100","2026-10-22","28","1047000.0","https://oeffentlichevergabe.de/api/notices/9a19d184-2883-4bd4-903c-938ad27dc362?format=pdf"
"ocds-mnwr74-ccbf9e6a-b2e6-4a90-b829-da9e71606aeb","BVC Behörde für Schule, Familie und Berufsbildung","Betrieb, Instandhaltung und Weiterentwicklung des IT- Netzes des Landesinstituts für Qualifizierung und Qualitätsentwicklung in Schulen ","72500000","2026-10-22","28","3600000.0","https://oeffentlichevergabe.de/api/notices/34c76b37-4ba0-42f2-8f77-1ae1f59dbaaf?format=pdf"
"ocds-mnwr74-e9ee4492-72d2-4d5c-97fd-ca2b6f86a3d1","Universitätsklinikum Carl Gustav Carus Dresden an der Technischen Universität Dresden, AöR","VMware-Lizenzierung","48000000","2026-10-07","13","","https://oeffentlichevergabe.de/api/notices/8bfa1dee-ac30-41a7-ab40-ce6675259e6f?format=pdf"
"ocds-mnwr74-631ac869-4690-4025-88af-653585177c59","Universität Duisburg-Essen","Rahmenvertrag Server, Storage, Software","48000000;48820000;48821000;48822000","2026-10-16","22","6000000.0","https://oeffentlichevergabe.de/api/notices/e3a75149-2b09-49b2-ae48-d6a2a7adef55?format=pdf"
"ocds-mnwr74-c4b8808a-cdbb-4f71-a93c-a1a168cdae74","Universitätsklinikum Aachen AöR","Beschaffung von drei Hochleistungsserversystemen für KI, GPU-Computing und NVMe Speicherung","30210000","2026-10-06","12","","https://oeffentlichevergabe.de/api/notices/4859ec91-5bb4-4a21-b37a-e56d8bcdb357?format=pdf"
"ocds-mnwr74-a7c89066-99aa-4d1b-aae9-394db45c6171","Deutsche Nationalbibliothek","26/14 Ausschreibung über den externen Betrieb der Workflow-Plattform Camunda für die Deutsche Nationalbibliothek","72310000","2026-10-22","28","","https://oeffentlichevergabe.de/api/notices/2e9ba0d2-0e42-4251-aa37-f58bbf5cfc90?format=pdf"
"ocds-mnwr74-625116fd-45b3-41ff-b90e-07d719515d36","Bayerisches Landeskriminalamt","Rahmenvereinbarung IT-Arbeitsplatzgeräte","30213000;30213100;30231310","2026-10-22","28","","https://oeffentlichevergabe.de/api/notices/e02d1713-6c36-434e-8662-9b9cfe591b14?format=pdf"
"ocds-mnwr74-76604b3a-77e5-42f5-8ef1-6be98dcc2d2e","GovTech Platforms GmbH","SOC","72220000;72267000;72500000;72591000","2026-10-21","27","","https://oeffentlichevergabe.de/api/notices/ad09b9f9-3850-4a38-9f3c-027e44bd5dfb?format=pdf"
"ocds-mnwr74-6e9b42fd-2428-49d7-acd1-bb97a8df9718","Techniker Krankenkasse","Splunk Enterprise Security","48000000;48730000;72267000","2026-10-12","18","","https://oeffentlichevergabe.de/api/notices/34154f40-112c-4d71-970b-949165985274?format=pdf"
"ocds-mnwr74-3220a9c8-6fb4-4d99-96d0-cd882b5fe82f","Fraunhofer-Gesellschaft - Einkauf B12","Lieferung, Montage und Inbetriebnahme von 2 GPU-basierten KI-Hochleistungssystemen - PR1272001 - 3150 - I","30237134","2026-10-19","25","","https://oeffentlichevergabe.de/api/notices/1550b433-240c-4457-88e3-1453666c9d30?format=pdf"
"ocds-mnwr74-3a6fc5f3-d3c2-4c20-a9a0-5cf58aae6db2","Polizei Berlin","PolBln 371_26 Bildmanagementsystem EU","48000000;48313000;48320000","2026-10-23","29","278121.01","https://oeffentlichevergabe.de/api/notices/30c9dce0-62ef-48b4-ab4c-042211190625?format=pdf"
"ocds-mnwr74-77b5a8e4-6cbd-4f13-bce1-b2b5f83769b0","Universitätsklinikum Ulm Bereich IV 2 Vergabemanagement und Projekteinkauf Vergabestelle","31 101: 414","48000000;48218000","2026-10-09","15","","https://oeffentlichevergabe.de/api/notices/990e6ea6-cbd2-4501-af66-c27eb3121eab?format=pdf"
"ocds-mnwr74-d9600b85-5841-493c-aa60-2f6b1c9f96c0","Staatsbetrieb Sächsische Informatik Dienste","Rahmenvereinbarung für externe Dienstleistungen zur Unterstützung der Behörden bei der Anwendung von VIS.SAX","72000000","2026-10-19","25","","https://oeffentlichevergabe.de/api/notices/e8ad32ea-7bec-4990-af9c-e56a82125366?format=pdf"
"ocds-mnwr74-01a0a063-6715-4f48-9281-738dd9cf2f0a","BITMARCK","BM2026158IT-DL2027","72000000","2026-10-19","25","16785","https://oeffentlichevergabe.de/api/notices/01a0a502-4a79-43de-8553-0a93fe9845fc?format=pdf"
"ocds-mnwr74-8063dd14-032d-4c78-b9cd-bb353058d88c","Bundesamt für Ausrüstung, Informationstechnik und Nutzung der Bundeswehr","Beschaffung von Microsoft Lizenzen","48517000","2026-10-21","27","","https://oeffentlichevergabe.de/api/notices/9edbcf99-be12-426c-91a3-741b5cfc578f?format=pdf"
"ocds-mnwr74-99ea9385-52dc-419e-bbb3-14aa7de200c0","Landkreis Goslar","175 interaktive Displays für kreiseigene Schulen im Landkreis Goslar","30231320","2026-10-20","26","","https://oeffentlichevergabe.de/api/notices/99ea9385-52dc-419e-bbb3-14aa7de200c0?format=pdf"
"ocds-mnwr74-812bca61-a082-4cb4-b727-67130f6cb382","POLIZEIPRÄSIDIUM FÜR SERVICE UND IT","Support für FlexNetManager ","48000000","2026-10-05","11","","https://oeffentlichevergabe.de/api/notices/31432037-66c2-4bbd-bf48-ceca81d47dfc?format=pdf"
"ocds-mnwr74-43f8f867-69bd-4383-b1dd-ed4896d8806e","POLIZEIPRÄSIDIUM FÜR SERVICE UND IT","Linux","48000000","2026-10-22","28","","https://oeffentlichevergabe.de/api/notices/17f550ae-100c-4621-89be-58abd0848700?format=pdf"
"ocds-mnwr74-f87b3eaf-de3a-43f6-8426-58bfeb33d397","Landkreis Sächsische Schweiz-Osterzgebirge","Beschaffung von PC-Technik für die Schulen im Landkreis Sächsische Schweiz-Osterzgebirge","30213000","2026-10-20","26","","https://oeffentlichevergabe.de/api/notices/73224817-f01c-454f-9a7c-63b487a8aa93?format=pdf"
"ocds-mnwr74-4ec6d882-b596-476f-b8bc-dbe87083e013","Landkreis Ludwigsburg","Notebooks und Zubehör","30213100;30237200","2026-10-06","12","","https://oeffentlichevergabe.de/api/notices/756a23a6-2186-4d81-b4b5-f5be421d9b5a?format=pdf"
"ocds-mnwr74-d642b8bb-b719-41a8-bc9c-79153814879c","Rhein-Main-Verkehrsverbund GmbH","Weiterentwicklung, Pflege und Support der TYPO3-basierten Web- und Tool-Landschaft des RMV","72212224","2026-10-20","26","","https://oeffentlichevergabe.de/api/notices/245e8eb2-6df4-450a-954b-de76445b8616?format=pdf"
"ocds-mnwr74-1443f065-1beb-49a3-bb1d-ed98254626ed","Deutsche Welle, Standort Bonn","Beschaffung und Wartung von Hewlett Packard (HPE) Hardwarekomponenten und Zubehör","30200000;72260000","2026-10-06","12","","https://oeffentlichevergabe.de/api/notices/193422a3-6cec-4137-95e6-3eac3b1bdd87?format=pdf"
"ocds-mnwr74-d2425606-3939-4f94-8f98-b968a31bc8ab","Hochschule Magdeburg-Stendal","Lieferung und Bereitstellung eines cloudbasierten Redaktions-Management-
System inkl. Schulung","30233000;30234000","2026-10-19","25","","https://oeffentlichevergabe.de/api/notices/2670c1ec-2e2d-4e14-8fca-374ff6818966?format=pdf"
"ocds-mnwr74-4d022c3a-d6a2-4865-b202-c63dbc92e6d4","Hochschule Magdeburg-Stendal","Lieferung einer leistungsfähigen professionellen Speicherlösung mit Media Library
und USV für Newsroom","30233000;30234000","2026-10-19","25","","https://oeffentlichevergabe.de/api/notices/47afe2cf-8f99-41d5-b48c-284c2e9f1b72?format=pdf"
"ocds-mnwr74-c318972f-c96a-4be4-a9ef-5a110536a9ed","Berufsgenossenschaft Verkehrswirtschaft Post-Logistik Telekommunikation","Evergreenmanagement, Compliance-Analyse und Sicherheitsüberprüfung der bestehenden M365 Plattform","72000000;72150000;79000000;79100000","2026-10-22","28","","https://oeffentlichevergabe.de/api/notices/adf0427e-dbc6-4e9e-8224-0f0939a2e5d7?format=pdf"
"ocds-mnwr74-ca0301a7-b6b5-4b91-842f-cbb58efef04b","Universitätsklinikum Augsburg","Bildrouting OP Ersatz für OR1","48814000","2026-10-19","25","","https://oeffentlichevergabe.de/api/notices/bd15332e-91f0-4aba-98cb-17368204874f?format=pdf"
"ocds-mnwr74-71add466-bd6e-4b8e-88ed-70475342ad02","Freistaat Sachsen, vertreten durch Landesamt für Schule und Bildung","Lieferung von 600 Mini-PCs für das Landesamt für Schule und Bildung","30213300","2026-10-16","22","","https://oeffentlichevergabe.de/api/notices/1adcabef-0d02-483a-a412-ea4db888f879?format=pdf"
"ocds-mnwr74-e75e893a-6670-4d42-9785-d015cdadea61","Landkreis Nordsachsen","Tablets und Zubehör sowie die administrative Vorbereitung","30210000;30213200;30230000","2026-10-19","25","","https://oeffentlichevergabe.de/api/notices/4982ffa6-0690-4ad4-bb85-b89eae9a5b89?format=pdf"
"ocds-mnwr74-2c1a54ec-895c-4080-a1ea-49e0b1ba872e","Hochschule Bochum","Palo Alto Erweiterung / Fusion","32420000;48219500;72267000","2026-10-19","25","320000.0","https://oeffentlichevergabe.de/api/notices/54884299-7cea-43f0-8640-42a6b73db537?format=pdf"
"ocds-mnwr74-239e3b86-3b66-4c38-a41f-ac80586dcb40","TMB Tourismus-Marketing Brandenburg GmbH","Bereitstellung, Customizing, Betrieb sowie Weiterentwicklung eines landesweiten touristischen Datenmanagementsystems","48000000;72000000","2026-10-22","28","332500.0","https://oeffentlichevergabe.de/api/notices/b46151e8-ac62-44b1-9945-ed47f2c78f11?format=pdf"
"ocds-mnwr74-564bacd1-b20a-44d9-83ef-a5a70777ed6f","Kreisausschuss des Schwalm-Eder-Kreises","Beschaffung von Microsoft - Lizenzen","48218000","2026-10-19","25","","https://oeffentlichevergabe.de/api/notices/e206a2b3-213f-4ff4-8325-63530d74bab3?format=pdf"
"ocds-mnwr74-8ba4ccff-aa5a-46c8-aad6-93f155e8d75c","ProVitako Marketing- und Dienstleistungsgesellschaft der Kommunalen IT-Dienstleister e.G.","Business- / Präsentationsprojektoren","30200000","2026-10-20","26","27597386.0","https://oeffentlichevergabe.de/api/notices/40048686-9ef0-44cc-a1eb-63ada9d7cb9a?format=pdf"
"ocds-mnwr74-686aa3f2-e5d4-49f4-bc50-d1c66d209635","Rhein-Erft-Kreis","Rahmenvertrag Microsoft-Lizenzen","48000000","2026-10-20","26","","https://oeffentlichevergabe.de/api/notices/b1715aec-df8d-4b0a-b724-5feabf3d61b9?format=pdf"
"ocds-mnwr74-bf9d44e3-87eb-4208-96e2-81d12b0b269a","Dresdner Verkehrsbetriebe AG","Markterkundung gem. § 26 SektVO zur beabsichtigten Beschaffung eines KI-Bewertungstools und Data Warehouse/Lakehouse","48600000;48800000;72200000;72212000;72222000;72230000;72262000;72300000","2026-10-21","27","","https://oeffentlichevergabe.de/api/notices/19e6616f-a157-4908-9b2a-9fed6c34b7e3?format=pdf"
"ocds-mnwr74-b1000000-c0de-4000-a000-00d462784032","Städtisches Krankenhaus Kiel","Rahmenvertrag Dell-IT-Endgeräte","30200000;30213000;30213100;30231300;30237000","2026-10-19","25","291000","https://oeffentlichevergabe.de/api/notices/5cf2d2e8-a101-40c6-be05-5d3d15b48e9f?format=pdf"
"ocds-mnwr74-977cd8ff-4627-4c57-b66f-312f10359715","Charité - Universitätsmedizin Berlin","Bereitstellung Nutzungskontingente für Software „DRAGEN secondary analysis“","72268000","2026-10-20","26","","https://oeffentlichevergabe.de/api/notices/dd968a12-aad1-45cd-9d16-f3f4413cec7f?format=pdf"
"ocds-mnwr74-b1731434-1fb2-46e7-acb9-125fbf742304","ITEBO GmbH","EU-weite Ausschreibung einer Software-Lösung für Security Awareness und Phishing-Simulation","48000000","2026-10-16","22","","https://oeffentlichevergabe.de/api/notices/6542ddb4-59b0-4a63-9767-6ae8258c5502?format=pdf"
"ocds-mnwr74-17ac78e0-3839-44bf-81f8-5328bc0e43da","Landesbetrieb Information und Technik NRW","Zentraler IT Einkauf NRW: Rahmenvertrag über IT Komponenten","48000000","2026-10-16","22","","https://oeffentlichevergabe.de/api/notices/03aae410-9d38-409a-b6be-816e0f3ac319?format=pdf"
"ocds-mnwr74-d3b4e9ac-cbef-46dc-bbf0-13005cca95c0","Land Hessen, vertreten durch die Hessische Zentrale für Datenverarbeitung","Secure-Web-Gateway-Systeme","48000000;72000000","2026-10-05","11","7700000.0","https://oeffentlichevergabe.de/api/notices/31c01ec1-254c-4b60-92ee-8921df5d51f8?format=pdf"
"ocds-mnwr74-8c7c3ee6-f071-4e87-b667-f9f48358744f","Technische Universität Dortmund","Lizenzwartung IBM Cognos Business Intelligence Software-Lizenzen","48218000","2026-10-21","27","","https://oeffentlichevergabe.de/api/notices/95eca57c-68a8-4545-9c3e-fcd59b48dec2?format=pdf"
"ocds-mnwr74-26bf56c5-470d-418c-bf24-cfaa32f17bcd","Landeshauptstadt Stuttgart, Haupt- und Personalamt, Abt. Allgemeiner Service, Zentraler Einkauf","Betreuungsleistungen für die Robert-Mayer-Schule","50312600","2026-10-19","25","","https://oeffentlichevergabe.de/api/notices/d5a97891-29ed-4119-b869-b07c7e6065a0?format=pdf"
"ocds-mnwr74-efc27ea3-9cf4-4fc1-b160-d8e48ceb0cf7","Deutsche Rentenversicherung Rheinland","Vergabe von Dienstleistungen für Hosting, Betrieb und Content-Erstellung des Internetportals www.Ihre-Vorsorge.de","72000000","2026-10-19","25","","https://oeffentlichevergabe.de/api/notices/6994c1e2-bade-4ef1-a7db-e1dfb4c67dbe?format=pdf"
"ocds-mnwr74-d452c70b-abb5-40e0-9fa4-e570a25eb52f","Landesamt für Zentrale Polizeiliche Dienste Nordrhein-Westfalen","Abschluss von Rahmenvereinbarungen über die Lieferung von einer schlüsselfertigen PKI-Lösung für die Polizei NRW","48200000","2026-10-15","21","","https://oeffentlichevergabe.de/api/notices/26b969b4-5ae5-48e5-aa76-c3ae9f9c49de?format=pdf"
"ocds-mnwr74-572b3a76-21ca-4b11-b5ed-a8814279a8c2","Fraunhofer-Gesellschaft zur Förderung der angewandten Forschung e. V.","Rahmenvereinbarung Softwareentw.- und Inbetriebnahmeleistungen für ISAR, aISAR und ISAR Statistics","72211000","2026-10-19","25","","https://oeffentlichevergabe.de/api/notices/572b3a76-21ca-4b11-b5ed-a8814279a8c2?format=pdf"
"ocds-mnwr74-02ce40e0-bd53-4535-a356-2a641ff02358","Landesbetrieb Daten und Information Rheinland-Pfalz (LDI)","JBoss EAP 2027","48000000","2026-10-19","25","","https://oeffentlichevergabe.de/api/notices/302b3c14-63dc-48cc-b78c-af22db1c9bd6?format=pdf"
"ocds-mnwr74-73e9d2f3-1b5b-4a5d-aa7c-d5dfb7f1480b","Bundesamt für Sicherheit in der Informationstechnik","Projekt 1025 ""CSP Update, Evaluierung, Rezertifizierung und API (CUERA)""","72000000","2026-10-20","26","","https://oeffentlichevergabe.de/api/notices/bbf29325-2a93-4503-ba10-3e690b6ed326?format=pdf"
"ocds-mnwr74-e7912bc9-ab3e-488a-aff7-280c7b6ccbc2","Technische Universität Ilmenau, Dezernat Finanzen, Zentrale
Vergabestelle","HPC Hardware-Komponenten","30237130","2026-10-22","28","","https://oeffentlichevergabe.de/api/notices/923e9aa6-636a-47e5-a3bf-15dd891f8ae2?format=pdf"
"ocds-mnwr74-895c9999-8a50-461e-8ba1-182dc6a866d5","Vivantes - Netzwerk für Gesundheit GmbH","Erneuerung Firewall- und Management-Infrastruktur (Palo Alto)","30200000;72000000;72220000;72250000","2026-10-16","22","","https://oeffentlichevergabe.de/api/notices/615245bc-b967-4cc4-a7e0-fe4a9e6d6b81?format=pdf"
"ocds-mnwr74-5d50920d-6218-4db3-8587-847095318f39","Deutsches Zentrum für Luft- und Raumfahrt e.V. (DLR)","Rahmenvereinbarung Proxmox","48780000","2026-10-19","25","","https://oeffentlichevergabe.de/api/notices/bbb079df-e573-4638-bc55-18daa9b9aa04?format=pdf"
"ocds-mnwr74-9ab8164e-0a88-460e-af3d-d122e3af42f4","RheinEnergie AG -L-","MPLS-TP","72000000","2026-10-16","22","","https://oeffentlichevergabe.de/api/notices/f6a71454-2a80-45d3-8678-f296af56c6d8?format=pdf"
"ocds-mnwr74-61130cff-c132-45d1-aedf-c89cb5903ea7","Hochschule Magdeburg-Stendal","Erneuerung und Optimierung vorhandener VMware Umgebung","48218000;48822000","2026-10-19","25","","https://oeffentlichevergabe.de/api/notices/53644c37-03ca-4768-9097-9d5bde3cfd33?format=pdf"
"ocds-mnwr74-429efeca-575c-419a-923c-271aa93392f6","AOK Sachsen - Anhalt","Rahmenvertrag über die Lieferung von Verbrauchsmaterial und Zubehör sowie Serviceleistungen für MFPs","30125000;30125100;50310000;50313200","2026-10-16","22","","https://oeffentlichevergabe.de/api/notices/d4bed43f-78e9-4f5e-ac98-94a38fc145aa?format=pdf"
"ocds-mnwr74-24e8556a-44c9-40b5-a7dc-f25540e39a04","Deutsche Gesellschaft für Internationale Zusammenarbeit (GIZ) GmbH","Interaktive Whiteboards und Tablets","30200000;30213200;32322000","2026-10-13","19","","https://oeffentlichevergabe.de/api/notices/0b12bcdc-1ae8-4310-bee1-5889119abc78?format=pdf"
"ocds-mnwr74-5f9d85c3-e75a-4979-8a31-1a8f34748f30","Landespolizeidirektion, SG 24-Zentrale Beschaffung/Dienstleistungen","Druckertechnik inkl. Full-Service Vertrag","30232100","2026-10-07","13","","https://oeffentlichevergabe.de/api/notices/d7d215a3-38df-4b0e-a785-26cae0a17984?format=pdf"
"ocds-mnwr74-170d7d9e-0592-4faa-96b2-dcdb8a8e647f","Bundesrepublik Deutschland, vertr. d. das Bundesministerium für Verkehr, vertr.d. Fernstraßen-Bundesamt","Einführung von SIB Bauwerke Tag-1-Funktionalitäten","72200000;72240000","2026-10-16","22","1306046.0","https://oeffentlichevergabe.de/api/notices/89046bbd-88d4-4d33-b75e-6499e7d1c3ff?format=pdf"
"ocds-mnwr74-3c021a0a-b8b9-4da5-9bd3-c3c0851516c9","ÜSTRA Hannoversche Verkehrsbetriebe Aktiengesellschaft","ÜSTRA C-ITS OBU KOM","32570000;34923000;48000000;72200000","2026-10-16","22","540000.0","https://oeffentlichevergabe.de/api/notices/a9c762b8-ce8e-4981-b4e8-ee9246ced7f2?format=pdf"
"ocds-mnwr74-42bf8771-2808-43c6-a0e4-1cf225857b6b","Bundesamt für Sicherheit in der Informationstechnik","Projekt 1026: Defensives Programmieren gegen mikroarchitekturelle Angriffe (MicroScope)","72000000","2026-10-14","20","","https://oeffentlichevergabe.de/api/notices/71ed154a-f1b0-4a9f-99e4-3f8e18f561af?format=pdf"
"ocds-mnwr74-c411e6a1-1600-4e87-a27d-4fb55776ba26","Land Rheinland Pfalz, vertreten durch den Landesbetrieb Daten und Information Rheinland-Pfalz (LDI)","Fortinet Support 2027","72261000","2026-10-19","25","","https://oeffentlichevergabe.de/api/notices/88b94f05-7399-428a-bda2-74ab08ab3d07?format=pdf"
"ocds-mnwr74-54a4a27a-e9ad-44b7-a55c-1e205723e9f8","Max Planck Information and Technology (MaxIT)","UC_DL_2026","72000000","2026-10-16","22","","https://oeffentlichevergabe.de/api/notices/6f53dfab-2e5b-4d3c-8c90-51b0e179ed28?format=pdf"
"ocds-mnwr74-4ae97b11-1fb8-4bd7-8c29-41bd574c9347","Landkreis Elbe-Elster","04/2024 Los 41 IT-Ausstattung","30213200;30231300;30237200","2026-10-16","22","","https://oeffentlichevergabe.de/api/notices/97e862d6-eeca-4870-8e35-1ec6806240b8?format=pdf"
"ocds-mnwr74-00645247-2a18-4009-8d3c-86d79b0008cd","Stadt Bamberg / Zentrale Beschaffungs- und Vergabestelle","Smart City Bamberg 2026 - MoMM-App","72212000","2026-10-16","22","","https://oeffentlichevergabe.de/api/notices/00645247-2a18-4009-8d3c-86d79b0008cd?format=pdf"
"ocds-mnwr74-786d2dec-14a9-4437-aa3e-4a116773521d","Westpfalz-Klinikum GmbH","E-Mail-Archivierung_WKK","48000000;48223000;48329000","2026-10-16","22","","https://oeffentlichevergabe.de/api/notices/1fae276e-8f0b-4dc6-86fe-d4f630f347b4?format=pdf"
"ocds-mnwr74-81b6d744-160c-4661-a35b-d41ab8d7fc4d","Hochschule Ruhr West Standort Mülheim an der Ruhr","PC-Hörsaal-Geräte","30000000;30213000;30214000","2026-10-20","26","","https://oeffentlichevergabe.de/api/notices/eef2ee81-6ce1-44d3-a872-d7ef3172d45b?format=pdf"
"ocds-mnwr74-54826d0a-774a-4aa0-a949-d4580751b894","Deutsche Gesellschaft für Internationale Zusammenarbeit (GIZ) GmbH","10030912-Rahmenvereinbarung zur Betriebsunterstützung ""Open Text Content Server und Archive Server""","72000000;72200000;72250000;72260000","2026-10-15","21","","https://oeffentlichevergabe.de/api/notices/3b86fd33-00b9-40dd-8ca9-ceabce92d4f0?format=pdf"
"ocds-mnwr74-4dc4a573-5dda-4bcb-80d2-2e032c7604f7","Landratsamt Main-Tauber-Kreis","Rahmenvereinbarung über den Bezug von Microsoft-Lizenzen einschließlich Beratungs- und Unterstützungsleistungen","48000000","2026-10-16","22","4400000","https://oeffentlichevergabe.de/api/notices/cef888de-af89-4526-849f-b65849ea460a?format=pdf"
"ocds-mnwr74-d291dac5-66a3-4912-a892-f1ce94025c71","Universität zu Köln, Abteilung 64 - Einkauf","Universität zu Köln - Wartung-/Instandhaltungsservice der EBI Leitstellenlösung","72260000;72267100","2026-10-15","21","","https://oeffentlichevergabe.de/api/notices/69e0360e-ef46-4cfc-93dc-c2f1a34d1292?format=pdf"
"ocds-mnwr74-3d0ddcad-2dd7-4f5d-ba5d-ae4d0048145a","Bundeseisenbahnvermögen Hauptverwaltung","Integrierte SAP S/4HANA-Lösung für die Eingangs- und Ausgangsrechnungsverarbeitung ","48900000","2026-10-05","11","","https://oeffentlichevergabe.de/api/notices/2293b442-5b0b-4931-be7f-2f3bb5525315?format=pdf"
"ocds-mnwr74-7063a56e-f3e7-4ffb-8041-1c6c76e7e820","Fraunhofer-Gesellschaft - Einkauf B12","Abaqus Lizenzen für das Jahr 2027 - PR1272765-2190-I","48461000","2026-10-16","22","","https://oeffentlichevergabe.de/api/notices/cf5bff69-a14a-481a-ae43-498042a03bbc?format=pdf"
"ocds-mnwr74-02634d9e-5f7e-4cd3-a995-202f189ccc28","Justizvollzugsanstalt Chemnitz","Rahmenvertrag zur Erbringung videogestützer Dolmetscherleistungen","72500000","2026-10-22","28","","https://oeffentlichevergabe.de/api/notices/8a8f7230-eba1-4499-95f9-4ec91ab62f5f?format=pdf"
"ocds-mnwr74-e7c336f9-f5f8-43c3-8fe7-f31739fdb162","Kreis Minden-Lübbecke","Beschaffung von 1.800 Lizenzen Citrix Universal Hybrid Multi Cloud","48200000","2026-10-15","21","","https://oeffentlichevergabe.de/api/notices/e7c336f9-f5f8-43c3-8fe7-f31739fdb162?format=pdf"
"ocds-mnwr74-a0455443-ceac-449d-864e-954254a5f407","VALUNY GmbH","Rahmenvertrag Cloud IP-Telefonie und Kommunikationslösung","72000000;72250000;72267000","2026-10-15","21","","https://oeffentlichevergabe.de/api/notices/98634eee-0b42-4a68-8a82-4b3264a3af1e?format=pdf"
"ocds-mnwr74-ff38a4ef-174d-4970-ac94-ada81520d1e3","govdigital eG","Rahmenvereinbarung Enterprise Lizenzen für die Erweiterung von Elastic(Elk) Stack Umgebungen","48000000","2026-10-14","20","","https://oeffentlichevergabe.de/api/notices/1d48b151-3f87-42e5-9e03-8d00cd91d8c0?format=pdf"
"ocds-mnwr74-9131b148-85a5-465f-ad8a-bf2e043d7567","Stadt Weiden i.d.OPf.","Handelspartnervertrag Microsoft","48000000;48218000","2026-10-20","26","","https://oeffentlichevergabe.de/api/notices/08fc8995-30ca-485b-9d41-eaa418b98eb3?format=pdf"
"ocds-mnwr74-19a3d92f-4f8b-4746-b3b8-7f1c83de347e","Land Hessen, vertreten durch die Hessische Zentrale für Datenverarbeitung","Beratungsleistungen für das Format Digi-Expert-kommunal für das Hessische Ministerium für Digitalisierung und Innovation in zwei Losen","72000000","2026-10-15","21","2258000.0","https://oeffentlichevergabe.de/api/notices/61dc5505-2063-4caa-93f2-177d9cef2560?format=pdf"
"ocds-mnwr74-01a08f41-9e92-47c9-8da2-55417c3d240e","BITMARCK","Hardware-Rahmenvereinbarung 2026","30200000;30210000;30213000;30213100;30213200;30214000;30230000;30231000","2026-10-15","21","231000000","https://oeffentlichevergabe.de/api/notices/01a08fe4-a70e-4354-a49f-dca0a8ca6efb?format=pdf"
"ocds-mnwr74-e12d5763-9ba3-424d-a682-8a981295be95","Land Hessen, vertreten durch die Hessische Zentrale für Datenverarbeitung","Beschaffung einer Betriebsumgebung für das Geoportal-Hessen","48000000;72000000","2026-10-15","21","296400.0","https://oeffentlichevergabe.de/api/notices/5303e76d-ac1c-4fcb-bf97-f23b22a20d07?format=pdf"
"ocds-mnwr74-dee3ad73-7e67-496b-89d3-60ecd05485c9","Essener Systemhaus","Beschaffung einer Lösung zur Standardisierten Notrufabfrage für die Feuerwehr Essen","48000000;48100000","2026-10-15","21","","https://oeffentlichevergabe.de/api/notices/d9c74de9-733d-4da7-b83d-a4333713e7ed?format=pdf"
"ocds-mnwr74-6d07fc17-ec45-411d-97f1-095aa89be885","BGZ Gesellschaft für Zwischenlagerung mbH","BGZ Boost: Development Lead Berater","72212000","2026-10-16","22","","https://oeffentlichevergabe.de/api/notices/529bb4ef-c63f-48d2-bbac-21addf562211?format=pdf"
"ocds-mnwr74-03d57372-8a52-4016-80d9-fef3e606ca46","Robert Koch-Institut, Beschaffung","Verlängerung von Acrobat Pro 2024 Online Feature Restricted","48000000","2026-10-05","11","","https://oeffentlichevergabe.de/api/notices/e69b09fd-3e4d-4d02-8098-3bb71b1d43d6?format=pdf"
"ocds-mnwr74-d2994bab-b59e-44bd-b3e6-183982561eb3","PD - Berater der öffentlichen Hand GmbH","Webhosting und fachliche Unterstützung (Expertisepool) für das „Qualitätssiegel Nachhaltiges Gebäude“ (QNG)","71315200;72415000","2026-10-16","22","","https://oeffentlichevergabe.de/api/notices/6e0ba1a6-ca9f-4d6c-bea3-527188bb9acc?format=pdf"
"ocds-mnwr74-b3d24008-ac93-49f5-852b-2f84840804c2","Landkreis Rosenheim","Landkreis Rosenheim - Vergabe Drucker","72000000","2026-10-16","22","","https://oeffentlichevergabe.de/api/notices/c148b216-ca0f-46a8-8ee7-ad149b070fc9?format=pdf"
"ocds-mnwr74-5780064f-4103-4cab-8a2a-80365dd61943","Zeppelin Museum Friedrichshafen GmbH","Server-Speicher-System","48820000;48821000","2026-10-12","18","","https://oeffentlichevergabe.de/api/notices/af0b5f96-06a8-4771-bd99-1a23e4a560a1?format=pdf"
"ocds-mnwr74-fbae0cb0-ec4c-47d4-8e5a-4b8a76f87b26","civillent GmbH","RV LowCode OutSystems","48000000;72260000;72261000;72263000;72266000","2026-10-13","19","4200000.0","https://oeffentlichevergabe.de/api/notices/016ce15a-7b7f-4f6f-9564-4688039eaa5b?format=pdf"
"ocds-mnwr74-cd7e8874-1442-42d2-b937-33a6cd77d8b4","Rundfunk Berlin-Brandenburg","Rahmenvertrag Unterstützungs- und Entwicklungsleistungen für das IVZ und deren Ko-operationspartner sowie die (D)einSAP Geschäftsprozessorganisation im Bereich SAP","72000000","2026-10-14","20","","https://oeffentlichevergabe.de/api/notices/99f28cc1-5e49-4d9a-b4ee-85786e689cbb?format=pdf"
"ocds-mnwr74-e3e03022-1f2b-4f75-80c1-9cb5aceeb837","gkv informatik eGbR","Beratungsleistungen Multiprojektmanagement","72000000","2026-10-12","18","","https://oeffentlichevergabe.de/api/notices/ebcfadb5-b028-472e-b2c4-45dd82bbec30?format=pdf"
"ocds-mnwr74-22290ceb-a5ab-4c29-b189-998feb7b81d2","Stadt Troisdorf","Microsoft Software Lizenzen im Rahmen eines Enterprise Agreement (EA) Vertrages","48000000;48219000","2026-10-12","18","","https://oeffentlichevergabe.de/api/notices/9bd013e0-dfa5-42b5-950c-e8d13a69021d?format=pdf"
"ocds-mnwr74-aabd1acc-6791-4c26-8e8b-3989986bd08c","Bezirksklinikum Mainkofen","Vie_EVB-IT-Wartungsvertrag_EDV_2026","72267100","2026-10-12","18","1300000","https://oeffentlichevergabe.de/api/notices/aabd1acc-6791-4c26-8e8b-3989986bd08c?format=pdf"
"ocds-mnwr74-9ae429a7-6104-4211-b375-95e8ccf5627d","DAK-Gesundheit","Software zur Krankenhaus-Rechnungsprüfung","48000000;48180000;72260000;79200000","2026-10-12","18","","https://oeffentlichevergabe.de/api/notices/2813137f-6495-4ae4-9556-b0eb7415c794?format=pdf"
"ocds-mnwr74-3544724d-f2b5-486e-8813-4a8c5c88cc29","Stadt Trier","44EU/26 Austausch und Erweiterung der Core-Netz-Komponenten","30211200","2026-10-13","19","","https://oeffentlichevergabe.de/api/notices/3faefbc0-b78b-4e54-b088-f5e86bf3d9c1?format=pdf"
"ocds-mnwr74-fec63895-8c07-4039-88f0-59e3531144eb","Freistaat Bayern vertreten durch das Bayerische Landesamt für Steuern - Zentrale Vergabestelle -","Splunk Wartungs- und Supportvertrag; LDBV","48000000","2026-10-12","18","","https://oeffentlichevergabe.de/api/notices/17d19f30-2a0d-4d1e-82f9-9c1d75243420?format=pdf"
"ocds-mnwr74-98bf358f-d1fd-4626-b0ef-11c39558f11f","Städtisches Klinikum Karlsruhe gGmbH","Erweiterung Pure Storage","30234000","2026-10-12","18","1.0","https://oeffentlichevergabe.de/api/notices/e627cd46-0e78-4144-8081-f67c53d4d8fd?format=pdf"
"ocds-mnwr74-d82222eb-c353-4fa8-9efc-488107d89c38","Deutsches Zentrum für Luft-und Raumfahrt e. V. | TI-ZVM","Erstellung Visualisierung Gebäudeleittechnik (Eisbär SCADA 4.0)","48921000;51900000","2026-10-12","18","","https://oeffentlichevergabe.de/api/notices/20033fe9-6af9-466d-92ef-ec6413d2f00c?format=pdf"
"ocds-mnwr74-b743f029-f00e-4001-bb99-a1cd808522ad","Landeshauptstadt Hannover - Fachbereich Schule","Rahmenvereinbarung über die Lieferung von Tafelsystemen mit Beamern in verschiedenen Ausstattungsvarianten inklusive Lieferung von einzelnen Beamern für die Schulen im Stadtgebiet Hannover","30195000;30231000","2026-10-12","18","","https://oeffentlichevergabe.de/api/notices/f1997fdf-b338-4999-8b5a-eaf7f86be56b?format=pdf"
"ocds-mnwr74-cefe7f4f-e860-48ee-b1a4-0c9501f809f4","Magistrat der Stadt Bensheim","Verlängerung VMware Cloud Foundation für 3 Jahre und VxRail Prosupport Plus für 1 Jahr","48218000;48700000;72268000","2026-10-13","19","","https://oeffentlichevergabe.de/api/notices/37c21e6b-76c8-49e9-bf49-6b94270f239d?format=pdf"
"ocds-mnwr74-aad0ad26-ffd2-4aca-a236-9eae04b38a36","Saarland-Heilstätten GmbH","VMware Subscriptions","48218000;72260000","2026-10-07","13","","https://oeffentlichevergabe.de/api/notices/35eb6ba4-ec68-4e00-8657-4f83717189f3?format=pdf"
"ocds-mnwr74-892114e5-560d-48b3-aa73-06dccfdcf64f","Lecos GmbH - Ausschreibungsstelle","Microsoft Academic Lizenzen","48000000","2026-10-12","18","","https://oeffentlichevergabe.de/api/notices/43f87ee0-2470-4d90-9316-b5797f60e3f6?format=pdf"
"ocds-mnwr74-53c2ce5b-4385-4966-89ec-b02308fe175a","Deutsches Institut für Urbanistik gGmbH","Überlassung, Pflege und Wartung von Sage Lizenzen","48000000;72267000","2026-10-13","19","","https://oeffentlichevergabe.de/api/notices/831ac10d-8554-47f7-bb54-ddcb5310c26a?format=pdf"
"ocds-mnwr74-19bbf8e3-b2c6-442c-964d-c6a35b6f5b79","Fraunhofer-Gesellschaft - Einkauf B12","Rahmenvereinbarung Mathematischer High-Performance-Solver - PR1283908-9632-I","72268000","2026-10-12","18","","https://oeffentlichevergabe.de/api/notices/56236934-b279-4cf4-aea7-c08919ae6bd0?format=pdf"
"ocds-mnwr74-d20d8b47-2b8f-47a8-bb2b-62794745df05","Bayerisches Landeskriminalamt","Überlassung von Lizenzen für das Verkehrsverfahren","48100000","2026-10-12","18","1","https://oeffentlichevergabe.de/api/notices/d20d8b47-2b8f-47a8-bb2b-62794745df05?format=pdf"
"ocds-mnwr74-e1326be7-18be-4e9d-8d04-938fada4c5fe","Emschergenossenschaft","BIM Ready","72000000","2026-10-13","19","","https://oeffentlichevergabe.de/api/notices/e4942ea1-20b4-496c-ae8f-3c9b7bfdc4b2?format=pdf"
"ocds-mnwr74-7e8a1576-8f26-4a27-b6db-7594ccaf414b","Zweites Deutsches Fernsehen","Trendmicro Deep Security / ApexOne Verlängerung und Support","72000000","2026-10-13","19","","https://oeffentlichevergabe.de/api/notices/8901d3b9-74ad-47bc-a3ee-80646370e786?format=pdf"
"ocds-mnwr74-1009d4c0-0c36-46d1-845f-41a7cdb47c0b","Fraunhofer-Gesellschaft - Einkauf B12","Patentdatenbank - PR1278040-9789-I","64216200","2026-10-12","18","","https://oeffentlichevergabe.de/api/notices/42bf4c07-f80f-4486-b5b9-70aadcbd109a?format=pdf"
"ocds-mnwr74-019f80df-4d80-4824-beca-a983c30f656a","CONITAS GmbH","Lizenzen für SAP Business by Design","48000000","2026-10-05","11","","https://oeffentlichevergabe.de/api/notices/01a0862b-c37a-414f-abb4-76f25f77f67e?format=pdf"
"ocds-mnwr74-cf3c8480-060d-4ecf-bd2e-52f06f62f61d","Universitätsklinikum Magdeburg A.ö.R","Beschaffung eines zentralen Backup-Systems","30233100;48710000;48822000","2026-10-15","21","","https://oeffentlichevergabe.de/api/notices/d75b34e2-87f3-4153-a5e5-835badff522f?format=pdf"
"ocds-mnwr74-0504ddb7-afb5-465a-97ce-48199b4b8faf","Universität Stuttgart","Betrieb CAMPUSonline-System (C@MPUS)","72250000","2026-10-09","15","","https://oeffentlichevergabe.de/api/notices/62cadf88-5213-4663-aa4c-4c77b8983e69?format=pdf"
"ocds-mnwr74-8cf3c205-8118-4c7c-9044-c8d10adedefe","FITKO (Föderale IT-Kooperation)","115-Netzplattform","72500000","2026-10-12","18","","https://oeffentlichevergabe.de/api/notices/585361f6-0b0b-4c75-ab5c-0abab74e6024?format=pdf"
"ocds-mnwr74-7dd5e0c1-555b-4aa0-bb2b-f5126b783bf7","Land Berlin – Sondervermögen Immobilien des Landes Berlin (SILB) c/o BIM Berliner Immobilienmanagement GmbH","Gebäudeautomation","45317000;48921000","2026-10-13","19","","https://oeffentlichevergabe.de/api/notices/fa4d0b36-1c16-4e64-b3c8-ddf91e3a7457?format=pdf"
"ocds-mnwr74-25e5afc7-0bef-4af5-8751-aa7a9432eb3f","degewo AG","Hardwarewartung","50323100","2026-10-19","25","","https://oeffentlichevergabe.de/api/notices/9985ec53-1527-4d14-ae15-23607af60ebf?format=pdf"
"ocds-mnwr74-230cd534-9627-4282-8352-87a623141c1b","Freistaat Thüringen vertreten durch das Thüringer Landesamt für Finanzen","Notebooks für den Prüfungsaußendienst","30213500;72120000","2026-10-13","19","","https://oeffentlichevergabe.de/api/notices/8f264c4e-6286-47cc-9213-8e904007f26f?format=pdf"
"ocds-mnwr74-5f4ae7c9-8869-4435-8c50-a7bdece9631b","TRON - Translationale Onkologie an der Universitätsmedizin der Johannes Gutenberg-Universität Mainz gemeinnützige GmbH","TRON / Vergabe Rahmenvertrag „Speichersysteme“","30234000","2026-10-09","15","","https://oeffentlichevergabe.de/api/notices/5f4ae7c9-8869-4435-8c50-a7bdece9631b?format=pdf"
"ocds-mnwr74-005cd0bb-19eb-4986-82a9-331b1aad53bb","Vergabe und Beschaffungszentrum Dortmund","Beschaffung NetApp AFF C30 für das Schulumfeld","48000000","2026-10-08","14","369900.0","https://oeffentlichevergabe.de/api/notices/f5285a7f-d6a2-4150-9ebb-b80c8aacbec3?format=pdf"
"ocds-mnwr74-33f9c652-74ef-46e5-8023-a2a9a0bb62b7","Bayerischer Rundfunk A.d.ö.R.","RV zum Kauf und Installation von Bandlaufwerken der Firma IBM","30230000","2026-10-09","15","","https://oeffentlichevergabe.de/api/notices/80639f54-4cab-4233-9556-c6e2564ccc72?format=pdf"
"ocds-mnwr74-ab5b3226-23de-4e55-aca0-66cbf74d5f02","Klinikum Idar-Oberstein GmbH","VMware Subscriptions","48218000;72260000","2026-10-09","15","","https://oeffentlichevergabe.de/api/notices/ab5b3226-23de-4e55-aca0-66cbf74d5f02?format=pdf"
"ocds-mnwr74-9673dd19-6d5a-4f41-8d11-48a3faa6a437","Lecos GmbH - Ausschreibungsstelle","Rahmenvereinbarung mit einem Handelspartner für die Beschaffung von Adobe Creative Cloud Lizenzen","48000000","2026-10-09","15","","https://oeffentlichevergabe.de/api/notices/8a4b0a3e-0a4a-4afc-ad3f-4661bdddaac4?format=pdf"
"ocds-mnwr74-b1000000-c0de-4000-a000-00d462794049","Ev. Krankenhaus Königin Elisabeth Herzberge gGmbH","Drucker und Multifunktionsgeräte, Miete und Service-Leistungen","30232100","2026-10-09","15","","https://oeffentlichevergabe.de/api/notices/bf0a286a-2297-45b3-af5a-f66b0e8a5e78?format=pdf"
"ocds-mnwr74-6fe8e200-d26c-4b19-8b77-54e30852d856","Bezirksklinikum Mainkofen","Vie_Hyper-V-Server-EDV_2026","48820000","2026-10-09","15","320000","https://oeffentlichevergabe.de/api/notices/6fe8e200-d26c-4b19-8b77-54e30852d856?format=pdf"
"ocds-mnwr74-c7f5f693-828e-4b65-92b0-d2a212bcb853","Freie und Hansestadt Hamburg - Behörde für Inneres und Sport","Self-Service - Lösung ","30210000;30231100;38520000","2026-10-06","12","","https://oeffentlichevergabe.de/api/notices/f19be08f-05a6-4339-a8e7-76c32816fcfd?format=pdf"
"ocds-mnwr74-b1000000-c0de-4000-a000-00d462794046","Krankenhaus Buchholz und Winsen gemeinnützige GmbH","IMBW000057-Erweiterung SAN Storage Umgebung","30233100","2026-10-09","15","303000.0","https://oeffentlichevergabe.de/api/notices/c3c870ab-5535-4a83-b808-8fd9ae6d3448?format=pdf"
"ocds-mnwr74-bd838dbb-345b-47a5-aeca-eff7b81da462","Kemptener Kommunalunternehmen","MSR-Anlagen","45315700;48921000","2026-10-13","19","","https://oeffentlichevergabe.de/api/notices/6efd0848-345c-4563-80d9-1748e3a14785?format=pdf"
"ocds-mnwr74-e39a87e7-4230-4fb1-95f8-40f34e69bf1b","Landesbetrieb Straßenwesen Brandenburg","Beratung/Weiterentwicklung des Verwaltungsportals","72000000","2026-10-09","15","","https://oeffentlichevergabe.de/api/notices/cf3a787e-c79a-4761-9970-e51e30806283?format=pdf"
"ocds-mnwr74-3f1e7322-a399-481b-aea7-ae4966c695f2","Bayerisches Rotes Kreuz K.d.ö.R.,  Kreisverband Bayreuth","BRK KV Bayreuth: Beschaffung von Ausstattungsleistungen für die ILS Bayreuth/Kulmbach","30200000;30210000;30231000;32400000;39000000;39134000;51611100","2026-10-23","29","","https://oeffentlichevergabe.de/api/notices/610f5d44-25e6-4f62-b08c-8257010479d2?format=pdf"
"ocds-mnwr74-0ced2c0c-d892-4e14-99d8-89d9bc761ba2","Universität Stuttgart","Verlängerung der PingIDM","72268000","2026-10-08","14","","https://oeffentlichevergabe.de/api/notices/716695fc-4b25-44ab-a87e-9e818a9990a7?format=pdf"
"ocds-mnwr74-9fe23b79-91dc-4017-b35b-2bcbd56a955d","Südwestrundfunk
Anstalt des öffentlichen Rechts","Rahmenvereinbarung zur Beschaffung von Lizenzen für das Tool CheckMK in Los 1 und korrespondierender Dienstleistung in Los 2","48000000;72000000","2026-10-08","14","2660000","https://oeffentlichevergabe.de/api/notices/ecda5eb7-15db-4f87-b114-ca4f7dcdfbec?format=pdf"
"ocds-mnwr74-4ff444bc-474b-4fee-ba15-4348f576766a","gkv informatik eGbR","Sicherheitstechnische und arbeitsmedizinische - Betreuung","72000000","2026-10-05","11","563531.0","https://oeffentlichevergabe.de/api/notices/5ce11263-ce2b-44e4-825d-9541d844f543?format=pdf"
"ocds-mnwr74-621843ea-5f1e-4f8d-b832-06270a109960","Netzwerk Universitätsmedizin NUM GmbH","Fördermittelmanagement-Software","48000000;48100000","2026-10-04","10","","https://oeffentlichevergabe.de/api/notices/46a2cef2-88c9-4ca0-a6ad-8b352b6abc15?format=pdf"
"ocds-mnwr74-7dee7777-d052-409c-87ab-81102025e518","Region Hannover","Lieferung von Thermalorthofotos für das Gebiet der Region Hannover","48610000","2026-10-06","12","","https://oeffentlichevergabe.de/api/notices/390e296c-9936-446d-b817-1ba01028d903?format=pdf"
"ocds-mnwr74-7e65c284-c777-48c4-b85b-8cc504cbecef","Rheinische Friedrich-Wilhelms-Universität Bonn, Abt. 5.3","SAP Implementierung elektr. Zeiterfassung","72000000;72200000","2026-10-06","12","","https://oeffentlichevergabe.de/api/notices/085d66bf-38bb-4482-a858-1b4cfec319df?format=pdf"
"ocds-mnwr74-3351683b-a94a-4466-a0cd-82bc104f29fd","Freie Universität Berlin","Rahmenvereinbarung über Apple-Produkte inkl. Zubehör und Services","30200000;30213100;30213200;32250000","2026-10-05","11","","https://oeffentlichevergabe.de/api/notices/918c17b6-2c8c-4deb-8af1-62c5ef02b398?format=pdf"
"ocds-mnwr74-b3ab7f61-a544-4613-bb54-809508711e14","Landesmedienzentrum Baden-Württemberg","Landesmedienzentrum Baden-Württemberg (LMZ) - Vergabe zur Beschaffung von IT-Leistungen zum Weiterbetrieb der pädagogischen Musterlösung ""paed.ML""","72200000;72260000;72261000","2026-10-06","12","","https://oeffentlichevergabe.de/api/notices/44ad4b96-2ad2-47fa-bc84-edc2837e0310?format=pdf"
"ocds-mnwr74-57858b67-7efd-48b1-9fcf-fba0fa158434","BG-Phoenics GmbH","Überlassung von Lizenzen des Herstellers Commvault
","72267000","2026-10-05","11","780000.0","https://oeffentlichevergabe.de/api/notices/abc9fa12-2559-4052-bfd6-135556cfdc24?format=pdf"
"ocds-mnwr74-dfd09f5e-e620-4cdc-97cc-34997bae8186","Hochschule Bielefeld","Bereitstellung von Multifunktionssystemen inkl. Full-Service zur Miete für die Hochschule Bielefeld","30121100;50313200","2026-10-06","12","286700.0","https://oeffentlichevergabe.de/api/notices/368473de-13a3-459c-999a-76c56de78f12?format=pdf"
"ocds-mnwr74-281e8004-fab0-4b67-aa0e-bcd119ba8729","Universitätsklinikum Essen, AöR","Fortführung und Skalierung der Work-Management-Plattform Asana","48300000;72000000","2026-10-06","12","","https://oeffentlichevergabe.de/api/notices/bd8bbe24-43cb-46b9-a3cf-9b8d9e03f548?format=pdf"
"ocds-mnwr74-220f1976-8b48-462e-a4c3-cef24426c76f","Handwerkskammer Braunschweig-Lüneburg-Stade","VgV, TZH Lüneburg, Digitalisierung BAFA, Block 1, LV 7","30213200","2026-10-06","12","","https://oeffentlichevergabe.de/api/notices/10d0c3b4-6a08-41e7-80fa-17ddc00fb689?format=pdf"
"ocds-mnwr74-01a06694-1d49-4b7b-8cd2-89eff9d1b917","Studierendenwerk Thüringen","Beschaffung eines digitalen HACCP-Qualitätsmanagementsystems","72000000","2026-10-06","12","3294720","https://oeffentlichevergabe.de/api/notices/01a06698-2eb7-4519-8636-71847e4b6f64?format=pdf"
"ocds-mnwr74-0e3c0ec1-5983-49e1-86a8-f410ec5bfd7a","Landesinstitut für Schulqualität und Lehrerbildung Sachsen Anhalt (LISA)","Lieferung von Hardware für Hyper-V-Failovercluster","30211000","2026-10-09","15","","https://oeffentlichevergabe.de/api/notices/f4fae40a-cf20-4c79-b179-25334aa50ddb?format=pdf"
"ocds-mnwr74-07485007-b3f8-4497-b745-f8785e9c876d","Kommunale Informationstechnik und Telekommunikation Optimierter Regiebetrieb der Stadt Jena","Software für Zuschuss- und Fördermittelmanagement","72268000","2026-10-07","13","","https://oeffentlichevergabe.de/api/notices/d935098c-c364-4122-bfe5-6234163a3dda?format=pdf"
"ocds-mnwr74-a95e5245-5cff-4ca3-ae33-fe286add2165","civillent GmbH","Software Automai Synthetic Performance Monitoring","72000000","2026-10-05","11","","https://oeffentlichevergabe.de/api/notices/8268a716-6f5c-4971-90ff-6d1da14025f1?format=pdf"
"ocds-mnwr74-eefaf156-ccb9-477e-8f97-a1ad6b426ff6","Fraunhofer-Gesellschaft - Einkauf B12","KI-Server-Appliances für Training und Inferenz großer KI-Modelle - PR1275979-2880-I","48820000","2026-10-05","11","","https://oeffentlichevergabe.de/api/notices/16b80f3a-fb72-49a7-adf9-e99d4d63da38?format=pdf"
"ocds-mnwr74-cef349d4-d26a-4088-8748-792474e156f6","Amt für Binnen-Verkehrstechnik","DGNSS bundesweiter EVB-IT-Servicevertrag","48900000","2026-10-19","25","","https://oeffentlichevergabe.de/api/notices/506d1a21-9b21-464a-ba20-b844a1c270c6?format=pdf"
"ocds-mnwr74-830f356b-7466-4a22-ba3d-b9d48cfc897a","Robert Koch-Institut, Beschaffung","Vergabe eines Auftrags für Tableau-Lizenzen","48000000","2026-10-13","19","","https://oeffentlichevergabe.de/api/notices/2e9b4cae-710b-43c7-addd-bb15f98da73e?format=pdf"
"ocds-mnwr74-0729398f-0498-432a-910f-62f17bd8ca76","Fraunhofer-Gesellschaft, Einkauf B12","Nicht-universeller photonischer Quantencomputer - PR1267206-3220-W","30211100","2026-10-06","12","","https://oeffentlichevergabe.de/api/notices/244568a5-bbd8-4f81-90c2-f21af98183b2?format=pdf"
"ocds-mnwr74-e8670eb2-c9e0-4c1b-ac03-e007a2c51f31","Kreis Minden-Lübbecke","Beschaffung eines zukunftssicheren und hochverfügbaren Enterprise-Storage-Systems","48810000","2026-10-05","11","","https://oeffentlichevergabe.de/api/notices/e8670eb2-c9e0-4c1b-ac03-e007a2c51f31?format=pdf"
"ocds-mnwr74-37ac495f-2e92-488a-a5b1-3df05f47c5b5","AOK Rheinland/Hamburg","externe Scan-Dienstleistungen","72000000;72310000;72313000;79999100","2026-10-06","12","","https://oeffentlichevergabe.de/api/notices/c22a3216-bbf5-48eb-a67d-27f1b681f0a0?format=pdf"
"ocds-mnwr74-e1e7357b-a797-460d-8246-a17218349aa1","Team Vergabe Lieferungen/Dienstleistungen","Fortführung zentraler Lernort für digitale Bildung im Modellprojekt Smart City","72000000;72260000;79952000","2026-10-06","12","","https://oeffentlichevergabe.de/api/notices/4d88bd0e-a3a7-4369-b140-dfa19baa529d?format=pdf"
"ocds-mnwr74-15e47aef-b650-4141-8fee-ce9d8447c694","Kommunale Wasserwerke Leipzig GmbH","Software Assurance Microsoft Lizenzen","72000000","2026-10-05","11","","https://oeffentlichevergabe.de/api/notices/f047db44-7765-4047-8705-76b91025bfc1?format=pdf"
"ocds-mnwr74-11cf703c-2466-4f39-a43c-bdeffde70c45","Fraunhofer-Gesellschaft - Einkauf B12","Serversystem für KI Interferenz Workloads - PR1237100-3190-I","48820000","2026-10-05","11","","https://oeffentlichevergabe.de/api/notices/a11e58d9-3ec9-494d-ba75-6cf80d6bbeee?format=pdf"
"ocds-mnwr74-020f9511-5448-4e16-a387-8a3bcbe65140","Berlin TXL Management GmbH","Berlin TXL - ISO-IEC 27001 Zertifizierungsvorbereitung","72000000","2026-10-05","11","","https://oeffentlichevergabe.de/api/notices/ae4524fd-f3d9-4a79-a551-d1c33f01fd46?format=pdf"
"ocds-mnwr74-b7fed83e-6612-4e7d-b13d-c9d4c912fde8","OLG Köln","Bereitstellung und Betrieb digitaler Prüfungs-, Korrektur- und Kommunikationsplattformen für die juristischen Staatsprüfungen in NRW","72000000","2026-10-23","29","","https://oeffentlichevergabe.de/api/notices/2049529e-c026-4608-9af4-878a065c0090?format=pdf"
"ocds-mnwr74-d3ec00fd-56a4-4251-8674-8297cf1736d8","Burgenlandkreis","Bildungscampus Naumburg, Schönburger Straße, 06618 Naumburg, Los 4-09 Gebäudeautomation","45315700;48921000","2026-10-06","12","834550.06","https://oeffentlichevergabe.de/api/notices/38c19032-e327-4ae0-b618-31b349376b36?format=pdf"
"ocds-mnwr74-d3c0f09f-a29c-4007-a052-92857b9c2d13","Zweites Deutsches Fernsehen","Rahmenvertrag NetApp","30200000;48000000","2026-10-05","11","","https://oeffentlichevergabe.de/api/notices/a8db5596-91ea-4728-b1b6-346ad9bf0410?format=pdf"
"ocds-mnwr74-183beff2-aebb-48c9-bb75-ec869b1f8ceb","Deutsche Gesellschaft für Ernährung e. V. (DGE)","Erstellung der Webseite www.dge-qualitaetsstandard.de","72200000","2026-10-05","11","","https://oeffentlichevergabe.de/api/notices/9a574daa-9c98-4635-a0a4-770acc74529d?format=pdf"
"ocds-mnwr74-5d6a09be-fd47-4a35-98f3-019d8b6542bd","Landwirtschaftliche Rentenbank","Beschaffung Microsoft-Lizenzen inkl. Support","48000000","2026-10-09","15","","https://oeffentlichevergabe.de/api/notices/c6e06865-6d67-4a94-8d1c-c315ac183474?format=pdf"
"ocds-mnwr74-895b936d-2946-48e9-abd9-668155cb832c","DB Energie GmbH (Bukr 31)","AMD Server für DB Energie","48820000;48822000","2026-10-26","32","","https://oeffentlichevergabe.de/api/notices/23c2321b-83ce-41fe-a429-8284928679e1?format=pdf"
"ocds-mnwr74-66a0eb90-f315-483d-af11-c14df5e33201","Deutsche Nationalbibliothek","Beschaffung eines Enterprise Architecture Management Systems (EAM)","72416000","2026-10-07","13","250000","https://oeffentlichevergabe.de/api/notices/ed2ba374-5e39-44b0-a2c6-144aba228934?format=pdf"
"ocds-mnwr74-d23e710d-a868-4a9f-8686-d9c16cae2aeb","Eberhard Karls Universität Tübingen","Erweiterung der ML Cloud Tübingen am HLRS","30211100","2026-10-12","18","8110000.0","https://oeffentlichevergabe.de/api/notices/bae6fefb-1f18-47bd-822f-86e11793468b?format=pdf"
"ocds-mnwr74-815df0af-127b-4db0-afe1-69efdd67a4d0","Die Autobahn GmbH des Bundes - NL Nordost","CDA Verbindung RPWs Berlin ","72000000","2026-10-06","12","","https://oeffentlichevergabe.de/api/notices/06a50fa9-93f9-4cb5-9600-3afd563de642?format=pdf"
"ocds-mnwr74-e4e167cb-f1e3-4c17-bbcb-8be1b3b11bc3","Freistaat Sachsen, vertreten durch den Staatsbetrieb Sächsische Informatik Dienste Landesrechenzentrum Steuern (LRZS)","Verlängerung der Suse Linux Enterprise Server Subscription inkl. LTSS für die Steuerverwaltung  des Freistaates Sachsen","48700000","2026-10-05","11","","https://oeffentlichevergabe.de/api/notices/8695fd11-39f1-4059-80cb-7cefe3b9f742?format=pdf"
"ocds-mnwr74-ec93ef85-d189-4657-8b32-2ba30cd8b268","Bundesamt für Sicherheit in der Informationstechnik","Cybersicherheit von Betriebssystemen in software-definierten Fahrzeugen (SecAutomotiveOS)","72000000","2026-10-05","11","","https://oeffentlichevergabe.de/api/notices/16c4626f-b0d4-465f-a830-5f9274d72281?format=pdf"
"ocds-mnwr74-66b057d5-73ba-4b7b-b602-c754fc272086","Universitätsklinikum Magdeburg A.ö.R.","Aufbau eines Hochleistungs-Speichersystems in der 
Bauform: Metro Cluster","30233100","2026-10-06","12","755000","https://oeffentlichevergabe.de/api/notices/68a48782-8346-4a8a-b334-94bf13b3be46?format=pdf"
"ocds-mnwr74-3c22d7ba-be81-4173-8251-b438e8d1eed2","Freistaat Bayern, vertreten durch die Direktorin des Amtsgerichts Coburg","Förmliche Zustellungsaufträge bei dem Amtsgericht Coburg","64121100;72313000","2026-10-05","11","","https://oeffentlichevergabe.de/api/notices/9578d29d-bfc1-4c2f-8c95-d83fee0250f3?format=pdf"
"ocds-mnwr74-c6331610-10b6-4488-be4a-b7505e47155f","Bundesamt für die Sicherheit der nuklearen Entsorgung","Digitale Beteiligungsplattform","72260000;72268000","2026-10-07","13","","https://oeffentlichevergabe.de/api/notices/f6e43e1d-9e5c-4b5d-a1ca-16aafe81a563?format=pdf"
"ocds-mnwr74-bbf9b0dd-3fc2-41df-9fc1-1f04b2116dd4","TLF-IT-26-010","Infrastrukturserver TLF","48822000","2026-10-05","11","","https://oeffentlichevergabe.de/api/notices/403524b3-64a2-4a3d-95ca-ac90600cb5c8?format=pdf"
"ocds-mnwr74-4bbf7d89-3a89-43d6-9a31-d95653a73403","Hosting des ERP-Systems Schleupen.CS der Stadtwerke Hilden GmbH","Hosting des ERP-Systems Schleupen.CS der Stadtwerke Hilden GmbH mit Support","72300000;72315000;72416000;72500000","2026-10-16","22","1520000.0","https://oeffentlichevergabe.de/api/notices/adcb8a93-de66-433e-a3cf-0a362bd4f96b?format=pdf"
"ocds-mnwr74-61b7715f-df4f-4545-88e0-a86e6442a3e3","OLG Köln","Matrix42 - Dienst-, Pflege, Support... leistungen","72000000","2026-10-08","14","","https://oeffentlichevergabe.de/api/notices/3270e189-13b6-41bd-b2a2-613428d146ce?format=pdf"
"ocds-mnwr74-65e74af9-cc47-4326-8d11-1febcf574c12","Stadt Rheine","Dark Fiber für die Schulen der Stadt Rheine","64210000","2026-10-15","21","","https://oeffentlichevergabe.de/api/notices/4e54ea8e-05a3-4e67-982f-01dce1224231?format=pdf"
"ocds-mnwr74-d57c650a-2b2c-44b2-af78-10dc54ea22a0","Landeswohlfahrtsverband Hessen - Zentrale Vergabestelle","Bitdefender Lizenzen und Support, Kassel, LWV Hessen","48000000;48730000;72600000","2026-10-05","11","","https://oeffentlichevergabe.de/api/notices/f6fd724c-4c32-4131-b026-24f8f83f762b?format=pdf"
"ocds-mnwr74-4a4bc569-3cde-46a6-9e7c-b4b27d898c8f","Berufsgenossenschaft Energie Textil Elektro Medienerzeugnisse","Dienstleistungsvertrag Betriebsunterstützung Plone","72000000","2026-10-07","13","","https://oeffentlichevergabe.de/api/notices/ca7278b2-590b-43c7-ae38-4c2ba12cc3c8?format=pdf"
"ocds-mnwr74-ea92d3c2-a877-4f89-b238-a67f4ccd2ed0","Investitionsbank Sachsen-Anhalt","IBLSA 01/2026 Verlängerung Atlassian Lizenzen der IB für ein Jahr","48000000","2026-10-06","12","240000","https://oeffentlichevergabe.de/api/notices/6d122ad5-9a40-476c-a0bd-f4065570311e?format=pdf"
"ocds-mnwr74-8584e7c9-2a7c-49b1-b546-c7af6546f987","TUM Klinikum","Augenklinikinformationssystem","48180000;48814000","2026-10-13","19","","https://oeffentlichevergabe.de/api/notices/c38bc64c-9e12-4699-8bcd-64efcf4cc5b1?format=pdf"
"ocds-mnwr74-859cb8ae-5298-4dab-b22e-fcc0936c7668","Bundesamt für Sicherheit in der Informationstechnik","Projekt 1023: Prüfkriterien für Reinforcement Learning (RL-Criteria)","72000000","2026-10-05","11","","https://oeffentlichevergabe.de/api/notices/65359ba5-5b4a-4e9f-8653-099da8a6ebd2?format=pdf"
"ocds-mnwr74-7863e46e-eab1-435e-8295-9f5cd63e8871","Freistaat Bayern vertreten durch das Bayerische Staatsministerium für Wirtschaft, Landesentwicklung und Energie","Support für den Betrieb des Förderinformations- und Projektsteuerungssystems FIPS","72250000;72260000","2026-10-06","12","","https://oeffentlichevergabe.de/api/notices/72d0334e-ba92-467d-a523-02939225a662?format=pdf"
"ocds-mnwr74-fd42806f-8e45-4789-ac9b-61fc345ace3e","Stadt Essen, Zentrales Vergabe- und Beschaffungsmanagement","Digitale Datenerfassung im Rettungsdienst für die Feuerwehr Essen","48000000;48100000;48600000;48614000","2026-10-15","21","","https://oeffentlichevergabe.de/api/notices/6892c912-f1b5-4761-ba48-934312b5cd65?format=pdf"
